wallet_id,currency_quantity (cryptocurrency),fraction_of_total (%),seven_day_change (cryptocurrency)
100001,248597.0,1.18,0.0
100002,178010.0,0.85,-20000.0
100003,127351.0,0.61,0.0
100004,119347.0,0.57,0.0
100005,94643.0,0.45,0.0
100006,94505.0,0.45,0.0
100007,79957.0,0.38,0.0
100008,69370.0,0.33,0.0
100009,68200.0,0.32,0.0
100010,59300.0,0.28,0.0
100011,55863.0,0.27,1379.0
100012,53880.0,0.26,0.0
100013,53492.0,0.25,15915.0
100014,51830.0,0.25,0.0
100015,44000.0,0.21,0.0
100016,40141.0,0.19,0.0
100017,39834.0,0.19,-45.0
100018,37927.0,0.18,0.0
100019,36000.0,0.17,0.0
100020,33218.0,0.16,0.0
100021,32321.0,0.15,0.0
100022,31643.0,0.15,0.0
100023,31275.0,0.15,0.0
100024,31067.0,0.15,0.0
100025,31000.0,0.15,0.0
100026,30175.0,0.14,0.0
100027,28151.0,0.13,0.0
100028,25640.0,0.12,0.0
100029,24495.0,0.12,0.0
100030,24043.0,0.11,0.0
100031,23969.0,0.11,0.0
100032,23214.0,0.11,318.0
100033,22934.0,0.11,0.0
100034,22900.0,0.11,0.0
100035,21042.0,0.1,0.0
100036,20521.0,0.1,-535.0
100037,20480.0,0.1,0.0
100038,20061.0,0.1,-1.0
100039,20008.0,0.1,0.0
100040,19950.0,0.1,0.0
100041,19414.0,0.09,0.0
100042,19119.0,0.09,529.0
100043,19035.0,0.09,0.0
100044,18500.0,0.09,0.0
100045,18315.0,0.09,0.0
100046,17702.0,0.08,-5700.0
100047,17352.0,0.08,-6354.0
100048,17254.0,0.08,0.0
100049,17225.0,0.08,0.0
100050,16786.0,0.08,0.0
100051,16307.0,0.08,0.0
100052,16277.0,0.08,0.0
100053,15746.0,0.07,0.0
100054,15146.0,0.07,6.0
100055,14510.0,0.07,0.0
100056,14143.0,0.07,0.0
100057,14041.0,0.07,0.0
100058,14000.0,0.07,0.0
100059,13999.0,0.07,0.0
100060,13989.0,0.07,2392.0
100061,13821.0,0.07,0.0
100062,13480.0,0.06,30.0
100063,13308.0,0.06,0.0
100064,13262.0,0.06,0.0
100065,13144.0,0.06,750.0
100066,13048.0,0.06,2540.0
100067,13003.0,0.06,0.0
100068,12267.0,0.06,790.0
100069,12267.0,0.06,0.0
100070,12240.0,0.06,0.0
100071,11534.0,0.05,0.0
100072,11400.0,0.05,0.0
100073,11347.0,0.05,0.0
100074,11345.0,0.05,0.0
100075,11091.0,0.05,-416.0
100076,11025.0,0.05,0.0
100077,10948.0,0.05,600.0
100078,10935.0,0.05,43.0
100079,10858.0,0.05,0.0
100080,10771.0,0.05,0.0
100081,10599.0,0.05,0.0
100082,10500.0,0.05,0.0
100083,10340.0,0.05,0.0
100084,10160.0,0.05,0.0
100085,10012.0,0.05,0.0
100086,10009.0,0.05,0.0
100087,10002.0,0.05,0.0
100088,10001.0,0.05,0.0
100089,10000.0,0.05,0.0
100090,10000.0,0.05,0.0
100091,10000.0,0.05,0.0
100092,10000.0,0.05,0.0
100093,10000.0,0.05,0.0
100094,10000.0,0.05,0.0
100095,10000.0,0.05,0.0
100096,10000.0,0.05,0.0
100097,10000.0,0.05,0.0
100098,10000.0,0.05,0.0
100099,10000.0,0.05,0.0
100100,10000.0,0.05,0.0
100101,18027687.0,14.97,169296.0
100102,3793950.0,3.15,23699.0
100103,1996008.0,1.66,0.0
100103,1996008.0,1.66,0.0
100104,1780840.0,1.48,0.0
100105,1636037.0,1.36,0.0
100106,1081941.0,0.9,8377.0
100107,1047741.0,0.87,0.0
100107,1047741.0,0.87,0.0
100107,1047741.0,0.87,0.0
100108,602032.0,0.5,49660.0
100108,602032.0,0.5,49660.0
100108,602032.0,0.5,49660.0
100108,602032.0,0.5,49660.0
100109,584999.0,0.49,0.0
100109,584999.0,0.49,0.0
100109,584999.0,0.49,0.0
100110,464447.0,0.39,-6072.0
100111,450118.0,0.37,0.0
100112,439499.0,0.36,0.0
100113,408034.0,0.34,0.0
100114,402356.0,0.33,3307.0
100115,335272.0,0.28,0.0
100116,325000.0,0.27,0.0
100117,306277.0,0.25,0.0
100118,287544.0,0.24,-1694.0
100119,285968.0,0.24,-4121.0
100120,275000.0,0.23,0.0
100121,269947.0,0.22,0.0
100122,259958.0,0.22,33.0
100123,254248.0,0.21,0.0
100124,250000.0,0.21,0.0
100125,244001.0,0.2,0.0
100126,243300.0,0.2,0.0
100127,240001.0,0.2,0.0
100128,239760.0,0.2,-262.0
100129,237979.0,0.2,0.0
100130,213325.0,0.18,2186.0
100130,213325.0,0.18,2186.0
100131,207697.0,0.17,0.0
100131,207697.0,0.17,0.0
100132,200000.0,0.17,0.0
100133,200000.0,0.17,0.0
100134,200000.0,0.17,0.0
100135,200000.0,0.17,0.0
100136,200000.0,0.17,0.0
100137,199998.0,0.17,-3.0
100138,193799.0,0.16,0.0
100139,187500.0,0.16,0.0
100140,187068.0,0.16,0.0
100141,185927.0,0.15,-52.0
100142,181331.0,0.15,0.0
100143,180521.0,0.15,-538.0
100144,177328.0,0.15,0.0
100145,172038.0,0.14,0.0
100146,169032.0,0.14,0.0
100147,164427.0,0.14,1.0
100148,162034.0,0.13,0.0
100149,158822.0,0.13,-6949.0
100150,150000.0,0.12,0.0
100151,150000.0,0.12,0.0
100152,150000.0,0.12,0.0
100153,150000.0,0.12,0.0
100154,150000.0,0.12,0.0
100155,150000.0,0.12,0.0
100156,150000.0,0.12,0.0
100157,150000.0,0.12,0.0
100158,150000.0,0.12,0.0
100159,150000.0,0.12,0.0
100160,150000.0,0.12,0.0
100161,150000.0,0.12,0.0
100162,150000.0,0.12,0.0
100163,150000.0,0.12,0.0
100164,150000.0,0.12,0.0
100165,150000.0,0.12,0.0
100166,150000.0,0.12,0.0
100167,150000.0,0.12,0.0
100168,150000.0,0.12,0.0
100169,150000.0,0.12,0.0
100170,143012.0,0.12,0.0
100171,141872.0,0.12,0.0
100172,139701.0,0.12,0.0
100173,138498.0,0.11,0.0
100174,138347.0,0.11,0.0
100175,135284.0,0.11,0.0
100176,135188.0,0.11,0.0
100177,132433.0,0.11,0.0
100178,132021.0,0.11,0.0
100179,131470.0,0.11,-159.0
100180,130876.0,0.11,0.0
100181,129392.0,0.11,0.0
100182,129392.0,0.11,0.0
100183,129392.0,0.11,0.0
100184,129392.0,0.11,0.0
100185,129231.0,0.11,0.0
100186,127609.0,0.11,-94401.0
100187,126805.0,0.11,0.0
100187,126805.0,0.11,0.0
100187,126805.0,0.11,0.0
100187,126805.0,0.11,0.0
100188,124638.0,0.1,0.0
100189,121209.0,0.1,-20000.0
100189,121209.0,0.1,-20000.0
100190,121198.0,0.1,0.0
100191,120874.0,0.1,0.0
100192,120708.0,0.1,0.0
100193,120708.0,0.1,0.0
100194,120708.0,0.1,0.0
100195,120708.0,0.1,0.0
100196,120708.0,0.1,0.0
100197,120708.0,0.1,0.0
100198,118859.0,0.1,0.0
100199,117410.0,0.1,0.0
100200,116006.0,0.1,0.0
100201,66741179.0,13.74,9684281.0
100201,66741179.0,13.74,9684281.0
100201,66741179.0,13.74,9684281.0
100202,55058032.0,11.33,25388793.0
100202,55058032.0,11.33,25388793.0
100202,55058032.0,11.33,25388793.0
100203,26236824.0,5.4,-4136676.0
100203,26236824.0,5.4,-4136676.0
100204,19432099.0,4.0,472718.0
100204,19432099.0,4.0,472718.0
100205,17999224.0,3.71,9042806.0
100206,13101085.0,2.7,2455594.0
100207,10877910.0,2.24,1883564.0
100208,7869416.0,1.62,2308070.0
100209,6160542.0,1.27,2238414.0
100210,6127091.0,1.26,571662.0
100210,6127091.0,1.26,571662.0
100211,6041017.0,1.24,681450.0
100212,4667491.0,0.96,2387258.0
100212,4667491.0,0.96,2387258.0
100213,4342461.0,0.89,0.0
100214,4334115.0,0.89,352857.0
100214,4334115.0,0.89,352857.0
100215,4189780.0,0.86,715685.0
100215,4189780.0,0.86,715685.0
100216,3108384.0,0.64,154937.0
100216,3108384.0,0.64,154937.0
100217,3031763.0,0.62,-3256538.0
100218,3000036.0,0.62,0.0
100219,2983416.0,0.61,2018429.0
100220,2885432.0,0.59,2571643.0
100220,2885432.0,0.59,2571643.0
100221,2506454.0,0.52,440931.0
100222,2500000.0,0.51,0.0
100222,2500000.0,0.51,0.0
100223,2206787.0,0.45,949814.0
100223,2206787.0,0.45,949814.0
100223,2206787.0,0.45,949814.0
100224,2074271.0,0.43,-650898.0
100224,2074271.0,0.43,-650898.0
100225,2003764.0,0.41,0.0
100226,2000000.0,0.41,0.0
100227,1845037.0,0.38,0.0
100227,1845037.0,0.38,0.0
100228,1827697.0,0.38,-539673.0
100228,1827697.0,0.38,-539673.0
100229,1813438.0,0.37,0.0
100230,1776110.0,0.37,0.0
100231,1687256.0,0.35,0.0
100232,1606910.0,0.33,0.0
100233,1567398.0,0.32,-2708.0
100233,1567398.0,0.32,-2708.0
100233,1567398.0,0.32,-2708.0
100234,1514158.0,0.31,-242740.0
100234,1514158.0,0.31,-242740.0
100235,1310322.0,0.27,-119483.0
100235,1310322.0,0.27,-119483.0
100236,1255303.0,0.26,0.0
100237,1209506.0,0.25,571733.0
100237,1209506.0,0.25,571733.0
100237,1209506.0,0.25,571733.0
100238,1204833.0,0.25,181308.0
100239,1189360.0,0.24,429448.0
100240,1154678.0,0.24,0.0
100241,1149834.0,0.24,0.0
100241,1149834.0,0.24,0.0
100242,1120463.0,0.23,-532483.0
100243,1102949.0,0.23,0.0
100243,1102949.0,0.23,0.0
100244,1089297.0,0.22,0.0
100245,1070854.0,0.22,590245.0
100245,1070854.0,0.22,590245.0
100245,1070854.0,0.22,590245.0
100246,1057994.0,0.22,0.0
100247,1020462.0,0.21,0.0
100248,967792.0,0.2,64772.0
100249,900889.0,0.19,0.0
100250,900049.0,0.19,191415.0
100251,886300.0,0.18,0.0
100252,836230.0,0.17,0.0
100252,836230.0,0.17,0.0
100253,808384.0,0.17,-203384.0
100254,788582.0,0.16,-325870.0
100255,768127.0,0.16,-454759.0
100256,734346.0,0.15,0.0
100256,734346.0,0.15,0.0
100257,713407.0,0.15,-99479.0
100258,712073.0,0.15,66303.0
100258,712073.0,0.15,66303.0
100259,701436.0,0.14,0.0
100260,699527.0,0.14,35000.0
100261,662182.0,0.14,0.0
100262,599399.0,0.12,-67244.0
100263,598027.0,0.12,-1907401.0
100264,586248.0,0.12,0.0
100265,582577.0,0.12,-180814.0
100265,582577.0,0.12,-180814.0
100266,529035.0,0.11,0.0
100267,517102.0,0.11,0.0
100268,511850.0,0.11,40653.0
100269,511161.0,0.11,0.0
100270,509392.0,0.1,49393.0
100271,507539.0,0.1,0.0
100272,507418.0,0.1,0.0
100273,501223.0,0.1,0.0
100274,493861.0,0.1,0.0
100275,492869.0,0.1,-570.0
100276,480972.0,0.1,-140667.0
100277,479906.0,0.1,0.0
100278,477756.0,0.1,0.0
100279,469527.0,0.1,0.0
100280,468470.0,0.1,0.0
100281,444743.0,0.09,0.0
100282,434277.0,0.09,0.0
100283,431710.0,0.09,-207977.0
100283,431710.0,0.09,-207977.0
100284,427236.0,0.09,0.0
100285,419632.0,0.09,-834948.0
100286,413895.0,0.09,0.0
100287,400837.0,0.08,0.0
100287,400837.0,0.08,0.0
100288,395697.0,0.08,-6827.0
100289,390421.0,0.08,0.0
100290,380000.0,0.08,-14524.0
100291,367174.0,0.08,-224747.0
100292,363679.0,0.07,-5975.0
100293,353500.0,0.07,0.0
100294,351000.0,0.07,0.0
100295,350000.0,0.07,0.0
100296,344146.0,0.07,8803.0
100297,339362.0,0.07,0.0
100297,339362.0,0.07,0.0
100297,339362.0,0.07,0.0
100298,338411.0,0.07,0.0
100299,333985.0,0.07,0.0
100300,328083.0,0.07,0.0
100301,37040.0,9.43,0.0
100302,30644.0,7.8,0.0
100303,29439.0,7.49,0.0
100304,23529.0,5.99,0.0
100108,14508.0,3.69,4882.0
100108,14508.0,3.69,4882.0
100108,14508.0,3.69,4882.0
100108,14508.0,3.69,4882.0
100305,9664.0,2.46,0.0
100306,9003.0,2.29,0.0
100307,8533.0,2.17,0.0
100308,8385.0,2.13,0.0
100309,7827.0,1.99,0.0
100310,6000.0,1.53,0.0
100311,5457.0,1.39,0.0
100312,4302.0,1.09,0.0
100313,3999.0,1.02,0.0
100314,3850.0,0.98,0.0
100315,3463.0,0.88,0.0
100316,3020.0,0.77,0.0
100317,2465.0,0.63,0.0
100318,2325.0,0.59,0.0
100319,2250.0,0.57,0.0
100320,2250.0,0.57,0.0
100321,2111.0,0.54,1275.0
100321,2111.0,0.54,1275.0
100322,1871.0,0.48,0.0
100323,1777.0,0.45,0.0
100324,1740.0,0.44,0.0
100325,1677.0,0.43,0.0
100326,1630.0,0.41,0.0
100327,1501.0,0.38,0.0
100328,1472.0,0.37,0.0
100329,1468.0,0.37,0.0
100330,1275.0,0.32,0.0
100331,1263.0,0.32,0.0
100202,1211.0,0.31,0.0
100202,1211.0,0.31,0.0
100202,1211.0,0.31,0.0
100332,1156.0,0.29,0.0
100333,1008.0,0.26,0.0
100334,1001.0,0.25,0.0
100335,1000.0,0.25,0.0
100336,999.0,0.25,0.0
100337,993.0,0.25,0.0
100338,917.0,0.23,0.0
100339,896.0,0.23,0.0
100340,895.0,0.23,0.0
100341,870.0,0.22,0.0
100342,848.0,0.22,0.0
100343,800.0,0.2,0.0
100344,784.0,0.2,0.0
100345,774.0,0.2,0.0
100346,746.0,0.19,0.0
100347,743.0,0.19,0.0
100348,741.0,0.19,0.0
100349,741.0,0.19,0.0
100350,710.0,0.18,0.0
100351,629.0,0.16,0.0
100352,627.0,0.16,0.0
100353,626.0,0.16,0.0
100354,583.0,0.15,0.0
100355,553.0,0.14,0.0
100356,552.0,0.14,0.0
100357,549.0,0.14,0.0
100358,549.0,0.14,0.0
100359,548.0,0.14,0.0
100360,539.0,0.14,0.0
100361,538.0,0.14,0.0
100362,534.0,0.14,0.0
100363,522.0,0.13,0.0
100364,521.0,0.13,0.0
100365,520.0,0.13,0.0
100366,513.0,0.13,0.0
100367,500.0,0.13,0.0
100368,500.0,0.13,0.0
100369,500.0,0.13,0.0
100370,499.0,0.13,0.0
100371,499.0,0.13,0.0
100372,498.0,0.13,0.0
100373,488.0,0.12,0.0
100374,482.0,0.12,0.0
100375,478.0,0.12,0.0
100376,476.0,0.12,0.0
100377,472.0,0.12,0.0
100378,471.0,0.12,0.0
100379,460.0,0.12,0.0
100380,456.0,0.12,0.0
100381,453.0,0.12,0.0
100382,449.0,0.11,0.0
100383,428.0,0.11,0.0
100384,405.0,0.1,0.0
100385,403.0,0.1,0.0
100386,401.0,0.1,0.0
100387,400.0,0.1,0.0
100388,400.0,0.1,0.0
100389,399.0,0.1,0.0
100390,399.0,0.1,0.0
100391,393.0,0.1,0.0
100392,391.0,0.1,0.0
100393,391.0,0.1,0.0
100394,378.0,0.1,0.0
100395,376.0,0.1,0.0
100396,369.0,0.09,0.0
100397,366.0,0.09,0.0
100398,366.0,0.09,0.0
100223,216844782.0,17.93,585173.0
100223,216844782.0,17.93,585173.0
100223,216844782.0,17.93,585173.0
100399,54978811.0,4.55,-5441964.0
100400,52588879.0,4.35,5978634.0
100401,50927345.0,4.21,-119125.0
100402,38194035.0,3.16,20054642.0
100203,37589422.0,3.11,8616336.0
100203,37589422.0,3.11,8616336.0
100403,19460843.0,1.61,6204927.0
100204,19412576.0,1.61,457143.0
100204,19412576.0,1.61,457143.0
100404,15957345.0,1.32,5317256.0
100405,13575481.0,1.12,-40677.0
100210,13266011.0,1.1,-2735399.0
100210,13266011.0,1.1,-2735399.0
100201,11700201.0,0.97,3846855.0
100201,11700201.0,0.97,3846855.0
100201,11700201.0,0.97,3846855.0
100222,10378798.0,0.86,0.0
100222,10378798.0,0.86,0.0
100406,10032972.0,0.83,-1816473.0
100407,10002177.0,0.83,0.0
100408,8917714.0,0.74,-830183.0
100409,7336922.0,0.61,2296503.0
100410,7130210.0,0.59,-273158.0
100411,6492410.0,0.54,-939162.0
100412,6196380.0,0.51,-2180850.0
100413,5633924.0,0.47,-5791704.0
100414,5615522.0,0.46,294966.0
100415,5475837.0,0.45,1165258.0
100416,5414748.0,0.45,-9809.0
100212,5259129.0,0.43,2779951.0
100212,5259129.0,0.43,2779951.0
100214,5152121.0,0.43,-190749.0
100214,5152121.0,0.43,-190749.0
100417,5069456.0,0.42,678369.0
100245,4602509.0,0.38,-875672.0
100245,4602509.0,0.38,-875672.0
100245,4602509.0,0.38,-875672.0
100418,4435157.0,0.37,-71218.0
100216,4420092.0,0.37,-873478.0
100216,4420092.0,0.37,-873478.0
100419,4201462.0,0.35,787886.0
100187,4000000.0,0.33,0.0
100187,4000000.0,0.33,0.0
100187,4000000.0,0.33,0.0
100187,4000000.0,0.33,0.0
100228,3968245.0,0.33,-1000000.0
100228,3968245.0,0.33,-1000000.0
100420,3874196.0,0.32,0.0
100421,3850071.0,0.32,281822.0
100421,3850071.0,0.32,281822.0
100422,3841127.0,0.32,0.0
100423,3650313.0,0.3,44958.0
100424,3563916.0,0.29,684777.0
100425,3549321.0,0.29,25.0
100426,3511987.0,0.29,1264518.0
100427,3475565.0,0.29,-1915747.0
100428,3303602.0,0.27,0.0
100429,3000007.0,0.25,0.0
100430,2990530.0,0.25,0.0
100237,2952386.0,0.24,5867.0
100237,2952386.0,0.24,5867.0
100237,2952386.0,0.24,5867.0
100431,2950997.0,0.24,0.0
100432,2930710.0,0.24,-214598.0
100215,2816614.0,0.23,249548.0
100215,2816614.0,0.23,249548.0
100220,2713879.0,0.22,48898.0
100220,2713879.0,0.22,48898.0
100433,2652294.0,0.22,0.0
100434,2618060.0,0.22,0.0
100297,2611676.0,0.22,0.0
100297,2611676.0,0.22,0.0
100297,2611676.0,0.22,0.0
100435,2605271.0,0.22,607553.0
100436,2590741.0,0.21,321059.0
100437,2468160.0,0.2,-4139520.0
100438,2404057.0,0.2,-72476.0
100439,2401587.0,0.2,0.0
100224,2386772.0,0.2,0.0
100224,2386772.0,0.2,0.0
100440,2287949.0,0.19,-786140.0
100243,2287829.0,0.19,-3321625.0
100243,2287829.0,0.19,-3321625.0
100441,2285257.0,0.19,0.0
100442,2267828.0,0.19,0.0
100287,2224739.0,0.18,0.0
100287,2224739.0,0.18,0.0
100443,2165557.0,0.18,0.0
100258,2064253.0,0.17,83831.0
100258,2064253.0,0.17,83831.0
100444,2045967.0,0.17,357028.0
100445,2043692.0,0.17,380437.0
100446,2003653.0,0.17,-263218.0
100447,1994698.0,0.16,0.0
100448,1917657.0,0.16,264337.0
100252,1881879.0,0.16,0.0
100252,1881879.0,0.16,0.0
100449,1859416.0,0.15,0.0
100450,1799815.0,0.15,209337.0
100451,1797138.0,0.15,0.0
100452,1749993.0,0.14,0.0
100453,1700006.0,0.14,0.0
100454,1699810.0,0.14,0.0
100455,1679900.0,0.14,0.0
100235,1652347.0,0.14,126983.0
100235,1652347.0,0.14,126983.0
100456,1652051.0,0.14,-322830.0
100233,1624346.0,0.13,310878.0
100233,1624346.0,0.13,310878.0
100233,1624346.0,0.13,310878.0
100457,1580948.0,0.13,0.0
100458,1545153.0,0.13,0.0
100458,1545153.0,0.13,0.0
100234,1518690.0,0.13,6787.0
100234,1518690.0,0.13,6787.0
100459,1507175.0,0.12,-1402461.0
100460,1500000.0,0.12,0.0
100461,1500000.0,0.12,0.0
100462,1492606.0,0.12,0.0
100463,1450760.0,0.12,0.0
100464,1446465.0,0.12,0.0
100464,1446465.0,0.12,0.0
100465,1437932.0,0.12,-286225.0
100227,1408730.0,0.12,99514.0
100227,1408730.0,0.12,99514.0
100466,1397380.0,0.12,-1251188.0
100256,1383553.0,0.11,0.0
100256,1383553.0,0.11,0.0
100467,1332495.0,0.11,-156846.0
100468,1311508.0,0.11,0.0
100469,1303480.0,0.11,0.0
100283,1275385.0,0.11,0.0
100283,1275385.0,0.11,0.0
100470,1268425.0,0.1,-639402.0
100471,1265915.0,0.1,0.0
100472,1960027012.0,1.96,0.0
100473,1765294075.0,1.77,0.0
100474,1477168712.0,1.48,0.0
100475,1376176324.0,1.38,0.0
100476,845049785.0,0.85,0.0
100477,770000042.0,0.77,0.0
100478,684680659.0,0.68,0.0
100479,663143714.0,0.66,0.0
100480,650439587.0,0.65,0.0
100481,607476328.0,0.61,0.0
100482,600000113.0,0.6,0.0
100483,512889613.0,0.51,0.0
100484,500000200.0,0.5,0.0
100485,500000200.0,0.5,0.0
100486,500000111.0,0.5,0.0
100487,500000111.0,0.5,0.0
100488,500000061.0,0.5,0.0
100489,500000023.0,0.5,0.0
100490,500000023.0,0.5,0.0
100491,500000023.0,0.5,0.0
100492,500000023.0,0.5,0.0
100493,500000023.0,0.5,0.0
100494,500000023.0,0.5,0.0
100495,500000023.0,0.5,0.0
100496,500000001.0,0.5,0.0
100497,500000000.0,0.5,0.0
100498,500000000.0,0.5,0.0
100499,499999999.0,0.5,0.0
100500,499999999.0,0.5,0.0
100501,486926022.0,0.49,0.0
100502,425000080.0,0.43,0.0
100503,405918082.0,0.41,0.0
100504,382162270.0,0.38,0.0
100505,331392165.0,0.33,0.0
100506,325800010.0,0.33,0.0
100507,325699462.0,0.33,0.0
100508,306720709.0,0.31,0.0
100509,300188439.0,0.3,0.0
100510,298353289.0,0.3,0.0
100511,277333990.0,0.28,0.0
100512,274373840.0,0.27,0.0
100513,229100679.0,0.23,0.0
100514,210669138.0,0.21,0.0
100515,206607665.0,0.21,0.0
100516,200795906.0,0.2,0.0
100517,200000061.0,0.2,0.0
100518,200000025.0,0.2,0.0
100519,200000025.0,0.2,0.0
100520,200000025.0,0.2,0.0
100521,200000025.0,0.2,0.0
100522,200000010.0,0.2,0.0
100523,200000000.0,0.2,0.0
100524,200000000.0,0.2,0.0
100525,200000000.0,0.2,0.0
100526,200000000.0,0.2,0.0
100527,199999950.0,0.2,0.0
100528,199999950.0,0.2,0.0
100529,198000007.0,0.2,0.0
100530,184922775.0,0.18,0.0
100531,180000000.0,0.18,0.0
100532,178516610.0,0.18,0.0
100533,177822670.0,0.18,0.0
100534,177149702.0,0.18,0.0
100535,176486615.0,0.18,0.0
100536,163695583.0,0.16,0.0
100537,158900004.0,0.16,0.0
100538,155600053.0,0.16,0.0
100539,138412067.0,0.14,0.0
100540,138157295.0,0.14,0.0
100541,135025636.0,0.14,0.0
100542,128196347.0,0.13,0.0
100543,126296506.0,0.13,0.0
100544,125981946.0,0.13,0.0
100545,118438784.0,0.12,0.0
100546,110196259.0,0.11,0.0
100547,110058906.0,0.11,0.0
100548,109628100.0,0.11,0.0
100549,106421471.0,0.11,0.0
100550,105228545.0,0.11,0.0
100551,104600021.0,0.1,0.0
100552,101456365.0,0.1,0.0
100553,100666551.0,0.1,0.0
100554,100000022.0,0.1,0.0
100555,99999900.0,0.1,0.0
100556,97912095.0,0.1,0.0
100557,94515879.0,0.09,0.0
100558,93000012.0,0.09,0.0
100559,90067671.0,0.09,0.0
100560,90000012.0,0.09,0.0
100561,89091743.0,0.09,0.0
100562,83229214.0,0.08,0.0
100563,80167797.0,0.08,0.0
100564,79383367.0,0.08,0.0
100565,75635485.0,0.08,0.0
100566,73643626.0,0.07,0.0
100567,72844793.0,0.07,0.0
100568,71849887.0,0.07,0.0
100569,70894904.0,0.07,0.0
100570,70000012.0,0.07,0.0
100571,69723518.0,0.07,0.0
100572,1054146651.0,2.34,0.0
100573,927028448.0,2.06,0.0
100574,200000066.0,0.44,0.0
100575,156507315.0,0.35,0.0
100576,129476708.0,0.29,0.0
100577,122105113.0,0.27,0.0
100578,78000009.0,0.17,0.0
100579,74597074.0,0.17,0.0
100580,70793584.0,0.16,0.0
100581,69897695.0,0.16,0.0
100582,69868555.0,0.16,0.0
100583,69868309.0,0.16,0.0
100584,69865388.0,0.16,0.0
100585,69864059.0,0.16,0.0
100586,69861640.0,0.16,0.0
100587,69847943.0,0.16,0.0
100588,67867837.0,0.15,0.0
100589,67754449.0,0.15,0.0
100590,67687556.0,0.15,0.0
100591,67635817.0,0.15,0.0
100592,67623584.0,0.15,0.0
100593,67616759.0,0.15,0.0
100594,67600812.0,0.15,0.0
100595,67459236.0,0.15,0.0
100596,67242099.0,0.15,0.0
100597,67191840.0,0.15,0.0
100598,67181099.0,0.15,0.0
100599,67147924.0,0.15,0.0
100600,67058993.0,0.15,0.0
100601,66543877.0,0.15,0.0
100602,66512698.0,0.15,0.0
100603,66296010.0,0.15,0.0
100604,66164197.0,0.15,0.0
100605,64328594.0,0.14,0.0
100606,64328594.0,0.14,0.0
100607,64328594.0,0.14,0.0
100608,64000003.0,0.14,0.0
100609,64000000.0,0.14,0.0
100610,64000000.0,0.14,0.0
100611,64000000.0,0.14,0.0
100612,64000000.0,0.14,0.0
100613,63999998.0,0.14,0.0
100614,63999998.0,0.14,0.0
100615,63999998.0,0.14,0.0
100616,63999998.0,0.14,0.0
100617,63999998.0,0.14,0.0
100618,63999998.0,0.14,0.0
100619,63999998.0,0.14,0.0
100620,63999998.0,0.14,0.0
100621,63999998.0,0.14,0.0
100622,63999998.0,0.14,0.0
100623,63999998.0,0.14,0.0
100624,63999998.0,0.14,0.0
100625,63999998.0,0.14,0.0
100626,63999997.0,0.14,0.0
100627,63999997.0,0.14,0.0
100628,63999997.0,0.14,0.0
100629,63999997.0,0.14,0.0
100630,63999997.0,0.14,0.0
100631,63999997.0,0.14,0.0
100632,63999997.0,0.14,0.0
100633,63999997.0,0.14,0.0
100634,63999997.0,0.14,0.0
100635,63999997.0,0.14,0.0
100636,63999997.0,0.14,0.0
100637,63999997.0,0.14,0.0
100638,63999997.0,0.14,0.0
100639,63999997.0,0.14,0.0
100640,63999997.0,0.14,0.0
100641,63999997.0,0.14,0.0
100642,63999997.0,0.14,0.0
100643,63999997.0,0.14,0.0
100644,63999997.0,0.14,0.0
100645,63999997.0,0.14,0.0
100646,63999997.0,0.14,0.0
100647,63999997.0,0.14,0.0
100648,63999997.0,0.14,0.0
100649,63999997.0,0.14,0.0
100650,63999997.0,0.14,0.0
100651,63999996.0,0.14,0.0
100652,62698803.0,0.14,0.0
100653,62593582.0,0.14,0.0
100654,60232047.0,0.13,0.0
100655,60231493.0,0.13,0.0
100656,58770014.0,0.13,0.0
100657,58100002.0,0.13,0.0
100658,57848281.0,0.13,0.0
100659,57651318.0,0.13,0.0
100660,57125382.0,0.13,0.0
100661,55377353.0,0.12,0.0
100662,55331773.0,0.12,0.0
100663,55305205.0,0.12,0.0
100664,53674221.0,0.12,0.0
100665,53375452.0,0.12,0.0
100666,53096152.0,0.12,0.0
100667,52950286.0,0.12,0.0
100668,50043085.0,0.11,0.0
100669,50035255.0,0.11,0.0
100670,50033258.0,0.11,0.0
100671,50033210.0,0.11,0.0
100672,3813222271.0,38.13,-3829063.0
100673,911614149.0,9.12,-9103548.0
100674,590639415.0,5.91,0.0
100675,434226115.0,4.34,0.0
100676,273304816.0,2.73,0.0
100677,212000000.0,2.12,0.0
100108,144748841.0,1.45,4243185.0
100108,144748841.0,1.45,4243185.0
100108,144748841.0,1.45,4243185.0
100108,144748841.0,1.45,4243185.0
100678,140000000.0,1.4,0.0
100679,126402539.0,1.26,-333492.0
100680,125000900.0,1.25,0.0
100681,100775482.0,1.01,4772955.0
100682,100000100.0,1.0,0.0
100107,100000000.0,1.0,0.0
100107,100000000.0,1.0,0.0
100107,100000000.0,1.0,0.0
100683,90072580.0,0.9,0.0
100130,87947951.0,0.88,75347.0
100130,87947951.0,0.88,75347.0
100684,73000000.0,0.73,0.0
100109,59000000.0,0.59,0.0
100109,59000000.0,0.59,0.0
100109,59000000.0,0.59,0.0
100189,53081153.0,0.53,2407899.0
100189,53081153.0,0.53,2407899.0
100685,38619721.0,0.39,0.0
100131,32165000.0,0.32,0.0
100131,32165000.0,0.32,0.0
100686,28617803.0,0.29,0.0
100687,25601667.0,0.26,0.0
100688,25318668.0,0.25,0.0
100689,25200521.0,0.25,0.0
100690,23378470.0,0.23,0.0
100691,21220827.0,0.21,0.0
100692,20941703.0,0.21,0.0
100693,19945015.0,0.2,0.0
100694,19717286.0,0.2,0.0
100695,18654751.0,0.19,0.0
100696,18355169.0,0.18,0.0
100697,17948285.0,0.18,0.0
100698,16069545.0,0.16,0.0
100699,15980912.0,0.16,-154710.0
100700,15933804.0,0.16,83122.0
100701,15767992.0,0.16,0.0
100702,14636172.0,0.15,-1850.0
100703,14551894.0,0.15,0.0
100704,13981340.0,0.14,-1640253.0
100704,13981340.0,0.14,-1640253.0
100705,13794886.0,0.14,1665321.0
100705,13794886.0,0.14,1665321.0
100706,13500000.0,0.14,0.0
100707,12471879.0,0.12,-261603.0
100708,12376957.0,0.12,-1500000.0
100708,12376957.0,0.12,-1500000.0
100709,12150968.0,0.12,0.0
100710,12032482.0,0.12,0.0
100711,12032482.0,0.12,0.0
100712,11946529.0,0.12,0.0
100713,11902044.0,0.12,0.0
100714,11758204.0,0.12,0.0
100715,11719746.0,0.12,0.0
100716,11629530.0,0.12,0.0
100717,11461244.0,0.11,0.0
100718,11364346.0,0.11,-1052669.0
100719,11338519.0,0.11,0.0
100720,11314808.0,0.11,0.0
100721,11274312.0,0.11,0.0
100722,11274312.0,0.11,0.0
100723,11274312.0,0.11,0.0
100724,11274312.0,0.11,0.0
100725,11274312.0,0.11,0.0
100726,11274312.0,0.11,0.0
100727,11274312.0,0.11,0.0
100728,11274312.0,0.11,0.0
100729,11274312.0,0.11,0.0
100730,11274312.0,0.11,0.0
100731,11274312.0,0.11,0.0
100732,11274312.0,0.11,0.0
100733,11274312.0,0.11,0.0
100734,11274312.0,0.11,0.0
100735,11274312.0,0.11,0.0
100736,11274312.0,0.11,0.0
100737,11274312.0,0.11,0.0
100738,11274312.0,0.11,0.0
100739,11274312.0,0.11,0.0
100740,11274312.0,0.11,0.0
100741,11274312.0,0.11,0.0
100742,11274312.0,0.11,0.0
100743,11274312.0,0.11,0.0
100744,11274312.0,0.11,0.0
100745,11274312.0,0.11,0.0
100746,11274312.0,0.11,0.0
100747,11274312.0,0.11,0.0
100748,11274312.0,0.11,0.0
100749,11274312.0,0.11,0.0
100750,11274312.0,0.11,0.0
100751,11274312.0,0.11,0.0
100752,11161811.0,0.11,0.0
100753,11139004.0,0.11,0.0
100754,11060264.0,0.11,0.0
100755,11060264.0,0.11,0.0
100756,10943698.0,0.11,0.0
100757,10760818.0,0.11,-6674786.0
100758,10528326.0,0.11,0.0
100759,9899295.0,0.1,0.0
100760,9685526.0,0.1,0.0
100761,9685526.0,0.1,0.0
100762,9685526.0,0.1,0.0
100763,9685526.0,0.1,0.0
100764,9554212.0,0.1,354739.0
100187,9217813.0,0.09,0.0
100187,9217813.0,0.09,0.0
100187,9217813.0,0.09,0.0
100187,9217813.0,0.09,0.0
100765,33562065562.0,24.15,0.0
100766,7518973624.0,5.41,-138450711.0
100767,6755255238.0,4.86,0.0
100768,5031001916.0,3.62,0.0
100769,4436635760.0,3.19,-350000004.0
100770,1981615533.0,1.43,0.0
100771,1854584030.0,1.33,0.0
100772,1848666904.0,1.33,-60000000.0
100773,1230009993.0,0.89,0.0
100774,1110854542.0,0.8,2934364.0
100775,1087145324.0,0.78,-3844211.0
100776,1024371719.0,0.74,276886990.0
100777,1000010007.0,0.72,0.0
100778,1000000039.0,0.72,0.0
100779,987500238.0,0.71,0.0
100780,962207395.0,0.69,30131273.0
100781,918187032.0,0.66,74407872.0
100782,915400007.0,0.66,0.0
100783,758189003.0,0.55,167262331.0
100784,753279807.0,0.54,0.0
100785,611387756.0,0.44,0.0
100786,560144363.0,0.4,0.0
100787,558964751.0,0.4,0.0
100788,531187983.0,0.38,4397473.0
100789,509469764.0,0.37,0.0
100790,490279746.0,0.35,0.0
100791,469000848.0,0.34,-300000004.0
100792,468508118.0,0.34,0.0
100793,414190276.0,0.3,269380328.0
100794,400999958.0,0.29,0.0
100795,398373917.0,0.29,0.0
100796,396369639.0,0.29,0.0
100797,390414083.0,0.28,-10861854.0
100798,380000007.0,0.27,0.0
100799,366307989.0,0.26,0.0
100800,360120988.0,0.26,-1.0
100801,358324741.0,0.26,0.0
100802,334472266.0,0.24,-12810000.0
100803,315388356.0,0.23,0.0
100804,303612394.0,0.22,0.0
100805,303275111.0,0.22,0.0
100806,300204906.0,0.22,83670767.0
100807,300000007.0,0.22,0.0
100808,298256013.0,0.21,0.0
100809,292414318.0,0.21,0.0
100810,283991796.0,0.2,0.0
100811,261881904.0,0.19,-1274892.0
100812,256898051.0,0.18,617601.0
100813,255038003.0,0.18,0.0
100814,225020506.0,0.16,0.0
100815,224972753.0,0.16,0.0
100816,220003216.0,0.16,0.0
100817,205763823.0,0.15,0.0
100818,201627260.0,0.15,0.0
100819,197436191.0,0.14,0.0
100820,187985945.0,0.14,0.0
100821,187551368.0,0.13,0.0
100822,185390129.0,0.13,0.0
100823,180874206.0,0.13,0.0
100824,180874206.0,0.13,0.0
100825,180780767.0,0.13,0.0
100826,180000000.0,0.13,0.0
100827,176644459.0,0.13,0.0
100828,163708101.0,0.12,0.0
100829,154146227.0,0.11,0.0
100830,150000007.0,0.11,0.0
100831,147272988.0,0.11,105.0
100832,146402398.0,0.11,0.0
100833,143096272.0,0.1,0.0
100834,142942011.0,0.1,0.0
100835,140658625.0,0.1,0.0
100836,137848662.0,0.1,0.0
100837,133111636.0,0.1,0.0
100838,130000027.0,0.09,0.0
100839,125935888.0,0.09,20921688.0
100840,121621916.0,0.09,0.0
100841,120000008.0,0.09,0.0
100842,118629948.0,0.09,0.0
100843,117029935.0,0.08,-1080621.0
100844,116838456.0,0.08,0.0
100845,116001032.0,0.08,0.0
100846,115770755.0,0.08,0.0
100847,115000001.0,0.08,0.0
100848,113381006.0,0.08,0.0
100849,112816009.0,0.08,0.0
100850,111842726.0,0.08,0.0
100851,110882098.0,0.08,0.0
100852,109855387.0,0.08,0.0
100853,109710264.0,0.08,0.0
100854,109531566.0,0.08,0.0
100855,107434083.0,0.08,0.0
100856,107434083.0,0.08,0.0
100857,107434083.0,0.08,0.0
100858,107434083.0,0.08,0.0
100859,107434083.0,0.08,0.0
100860,107434083.0,0.08,0.0
100861,107434083.0,0.08,0.0
100862,105073868.0,0.08,0.0
100863,104999249.0,0.08,0.0
100864,104999037.0,0.08,0.0
100865,58545002.0,19.52,0.0
100866,1612010.0,0.54,1254.0
100867,639991.0,0.21,0.0
100868,37005.0,0.01,0.0
100869,29998.0,0.01,0.0
100870,28487.0,0.01,0.0
100871,26898.0,0.01,0.0
100872,24324.0,0.01,0.0
100873,20000.0,0.01,0.0
100874,19753.0,0.01,0.0
100875,19753.0,0.01,0.0
100876,19750.0,0.01,0.0
100877,19750.0,0.01,0.0
100878,19748.0,0.01,0.0
100879,19745.0,0.01,0.0
100880,19744.0,0.01,0.0
100881,19744.0,0.01,0.0
100882,19743.0,0.01,0.0
100883,19743.0,0.01,0.0
100884,19742.0,0.01,0.0
100885,19742.0,0.01,0.0
100886,19741.0,0.01,0.0
100887,19740.0,0.01,0.0
100888,19739.0,0.01,0.0
100889,19736.0,0.01,0.0
100890,19732.0,0.01,0.0
100891,19729.0,0.01,0.0
100892,19729.0,0.01,0.0
100893,19728.0,0.01,0.0
100894,19727.0,0.01,0.0
100895,19727.0,0.01,0.0
100896,19726.0,0.01,0.0
100897,19726.0,0.01,0.0
100898,19726.0,0.01,0.0
100899,19725.0,0.01,0.0
100900,19722.0,0.01,0.0
100901,19722.0,0.01,0.0
100902,19722.0,0.01,0.0
100903,19720.0,0.01,0.0
100904,19719.0,0.01,0.0
100905,19717.0,0.01,0.0
100906,19713.0,0.01,0.0
100907,19713.0,0.01,0.0
100908,19712.0,0.01,0.0
100909,19711.0,0.01,0.0
100910,19709.0,0.01,0.0
100911,19708.0,0.01,0.0
100912,19708.0,0.01,0.0
100913,19707.0,0.01,0.0
100914,19707.0,0.01,0.0
100915,19707.0,0.01,0.0
100916,19706.0,0.01,0.0
100917,19705.0,0.01,0.0
100918,19705.0,0.01,0.0
100919,19705.0,0.01,0.0
100920,19704.0,0.01,0.0
100921,19704.0,0.01,0.0
100922,19701.0,0.01,0.0
100923,19693.0,0.01,0.0
100924,19693.0,0.01,0.0
100925,19691.0,0.01,0.0
100926,19688.0,0.01,0.0
100927,19685.0,0.01,0.0
100928,19684.0,0.01,0.0
100929,19684.0,0.01,0.0
100930,19683.0,0.01,0.0
100931,19682.0,0.01,0.0
100932,19681.0,0.01,0.0
100933,19680.0,0.01,0.0
100934,19679.0,0.01,0.0
100935,19678.0,0.01,0.0
100936,19677.0,0.01,0.0
100937,19676.0,0.01,0.0
100938,19676.0,0.01,0.0
100939,19675.0,0.01,0.0
100940,19674.0,0.01,0.0
100941,19673.0,0.01,0.0
100942,19672.0,0.01,0.0
100943,19672.0,0.01,0.0
100944,19672.0,0.01,0.0
100945,19672.0,0.01,0.0
100946,19671.0,0.01,0.0
100947,19671.0,0.01,0.0
100948,19669.0,0.01,0.0
100949,19668.0,0.01,0.0
100950,19667.0,0.01,0.0
100951,19667.0,0.01,0.0
100952,19665.0,0.01,0.0
100953,19665.0,0.01,0.0
100954,19664.0,0.01,0.0
100955,19664.0,0.01,0.0
100956,19663.0,0.01,0.0
100957,19662.0,0.01,0.0
100958,19660.0,0.01,0.0
100959,19658.0,0.01,0.0
100960,19657.0,0.01,0.0
100961,19655.0,0.01,0.0
100962,19654.0,0.01,0.0
100963,19653.0,0.01,0.0
100964,19652.0,0.01,0.0
100965,14221124.0,2.78,0.0
100966,7662709.0,1.5,42562.0
100967,3999977.0,0.78,0.0
100968,3221986.0,0.63,49605.0
100969,2800000.0,0.55,0.0
100970,2685262.0,0.52,18011.0
100971,2630533.0,0.51,-248199.0
100972,2090758.0,0.41,0.0
100973,1741098.0,0.34,23863.0
100974,1694313.0,0.33,0.0
100975,1694313.0,0.33,0.0
100976,1674374.0,0.33,0.0
100977,1412335.0,0.28,-18231.0
100978,1333898.0,0.26,5084.0
100979,1223292.0,0.24,0.0
100980,1120130.0,0.22,-15001.0
100981,1052216.0,0.21,0.0
100982,1032201.0,0.2,90352.0
100983,936973.0,0.18,0.0
100984,877843.0,0.17,55453.0
100985,800000.0,0.16,0.0
100986,790658.0,0.15,0.0
100987,749990.0,0.15,0.0
100988,715001.0,0.14,0.0
100989,658084.0,0.13,31705.0
100990,634284.0,0.12,0.0
100991,628257.0,0.12,0.0
100992,582904.0,0.11,-44446.0
100993,574568.0,0.11,0.0
100994,540838.0,0.11,-208656.0
100995,487818.0,0.1,0.0
100996,480000.0,0.09,0.0
100997,440000.0,0.09,0.0
100998,423578.0,0.08,0.0
100999,423578.0,0.08,0.0
101000,423578.0,0.08,0.0
101001,423578.0,0.08,0.0
101002,423578.0,0.08,0.0
101003,423578.0,0.08,0.0
101004,423578.0,0.08,0.0
101005,423578.0,0.08,0.0
101006,423578.0,0.08,0.0
101007,423578.0,0.08,0.0
101008,423578.0,0.08,0.0
101009,423578.0,0.08,0.0
101010,423578.0,0.08,0.0
101011,423578.0,0.08,0.0
101012,423578.0,0.08,0.0
101013,423577.0,0.08,0.0
101014,400093.0,0.08,0.0
101015,399996.0,0.08,0.0
101016,389487.0,0.08,0.0
101017,382994.0,0.07,0.0
101018,339821.0,0.07,0.0
101019,330453.0,0.06,0.0
101020,328746.0,0.06,0.0
101021,321088.0,0.06,0.0
101022,309236.0,0.06,0.0
101023,304594.0,0.06,0.0
101024,295506.0,0.06,0.0
101025,293001.0,0.06,0.0
101026,286393.0,0.06,0.0
101027,281233.0,0.05,0.0
101028,261840.0,0.05,0.0
101029,261350.0,0.05,0.0
101030,256173.0,0.05,0.0
101031,242623.0,0.05,0.0
101032,211760.0,0.04,0.0
101033,209289.0,0.04,0.0
101034,207927.0,0.04,0.0
101035,201830.0,0.04,0.0
101036,200043.0,0.04,0.0
101037,199540.0,0.04,0.0
101038,197291.0,0.04,0.0
101039,194600.0,0.04,0.0
101040,194521.0,0.04,0.0
101041,191006.0,0.04,0.0
101042,178291.0,0.03,0.0
101043,177453.0,0.03,0.0
101044,177338.0,0.03,0.0
101045,176663.0,0.03,0.0
101046,173377.0,0.03,0.0
101047,172637.0,0.03,0.0
101048,166336.0,0.03,0.0
101049,159778.0,0.03,0.0
101050,157789.0,0.03,0.0
101051,153865.0,0.03,0.0
101052,150635.0,0.03,0.0
101053,150000.0,0.03,0.0
101054,149263.0,0.03,0.0
101055,148999.0,0.03,0.0
101056,148247.0,0.03,0.0
101057,145145.0,0.03,0.0
101058,144999.0,0.03,0.0
101059,136813.0,0.03,0.0
101060,132946.0,0.03,0.0
101061,130000.0,0.03,0.0
101062,128260.0,0.03,0.0
101063,122529.0,0.02,0.0
101064,119999.0,0.02,0.0
100107,2900001046.0,38.37,0.0
100107,2900001046.0,38.37,0.0
100107,2900001046.0,38.37,0.0
100109,2435498954.0,32.23,0.0
100109,2435498954.0,32.23,0.0
100109,2435498954.0,32.23,0.0
100103,1000000000.0,13.23,0.0
100103,1000000000.0,13.23,0.0
100108,255952712.0,3.39,-468516626.0
100108,255952712.0,3.39,-468516626.0
100108,255952712.0,3.39,-468516626.0
100108,255952712.0,3.39,-468516626.0
100704,123402212.0,1.63,-11239141.0
100704,123402212.0,1.63,-11239141.0
101065,69375778.0,0.92,43756034.0
100705,63785879.0,0.84,-50138852.0
100705,63785879.0,0.84,-50138852.0
101066,40000000.0,0.53,0.0
101067,36962420.0,0.49,7258314.0
101068,25001000.0,0.33,0.0
100202,24285697.0,0.32,0.0
100202,24285697.0,0.32,0.0
100202,24285697.0,0.32,0.0
101069,15358233.0,0.2,0.0
101070,15000000.0,0.2,0.0
101071,11367052.0,0.15,0.0
101072,10599997.0,0.14,-8400000.0
101073,9283990.0,0.12,0.0
101074,9224196.0,0.12,50978.0
101075,8869237.0,0.12,0.0
101076,7999979.0,0.11,0.0
101077,7590928.0,0.1,0.0
100321,6528943.0,0.09,1497588.0
100321,6528943.0,0.09,1497588.0
101078,6115511.0,0.08,-14216608.0
101079,5825311.0,0.08,4634717.0
101080,5567231.0,0.07,0.0
101081,5499040.0,0.07,0.0
101082,5250201.0,0.07,1573072.0
101083,5000001.0,0.07,0.0
101084,4232269.0,0.06,0.0
101085,4101554.0,0.05,0.0
101086,4072693.0,0.05,37.0
101087,3817286.0,0.05,0.0
101088,3502216.0,0.05,0.0
101089,3449989.0,0.05,2149992.0
101090,3432234.0,0.05,-185477.0
101091,3421241.0,0.05,0.0
101092,3399997.0,0.04,0.0
101093,3120692.0,0.04,139992.0
100201,3054687.0,0.04,483940.0
100201,3054687.0,0.04,483940.0
100201,3054687.0,0.04,483940.0
101094,3000497.0,0.04,0.0
101095,2999996.0,0.04,0.0
101096,2882067.0,0.04,0.0
101097,2829020.0,0.04,0.0
101098,2749509.0,0.04,0.0
101099,2677755.0,0.04,0.0
101100,2650091.0,0.04,0.0
101101,2500000.0,0.03,0.0
101102,2500000.0,0.03,0.0
101103,2499374.0,0.03,0.0
101104,2498929.0,0.03,0.0
101105,2414604.0,0.03,0.0
101106,2358097.0,0.03,0.0
101107,2259082.0,0.03,953818.0
101108,2238779.0,0.03,-827587.0
100708,2137149.0,0.03,592040.0
100708,2137149.0,0.03,592040.0
101109,2112002.0,0.03,0.0
101110,2024176.0,0.03,0.0
101111,2009764.0,0.03,0.0
101112,2000562.0,0.03,0.0
101113,2000065.0,0.03,0.0
101114,2000010.0,0.03,0.0
101115,2000000.0,0.03,-1000000.0
101116,1999982.0,0.03,0.0
101117,1999975.0,0.03,0.0
101118,1989998.0,0.03,89997.0
101119,1926361.0,0.03,0.0
101120,1923613.0,0.03,0.0
100187,1800000.0,0.02,0.0
100187,1800000.0,0.02,0.0
100187,1800000.0,0.02,0.0
100187,1800000.0,0.02,0.0
101121,1687110.0,0.02,0.0
101122,1578084.0,0.02,152575.0
101123,1572076.0,0.02,0.0
101124,1535249.0,0.02,0.0
101125,1525482.0,0.02,0.0
101126,1522367.0,0.02,-1000000.0
101127,1511248.0,0.02,0.0
101128,1500044.0,0.02,0.0
101129,1500000.0,0.02,0.0
101130,1500000.0,0.02,0.0
101131,1500000.0,0.02,0.0
101132,1500000.0,0.02,0.0
101133,1499997.0,0.02,0.0
101134,1449997.0,0.02,0.0
101135,1400000.0,0.02,0.0
101136,1300000.0,0.02,0.0
101137,1287967.0,0.02,0.0
101138,1281121.0,0.02,0.0
101139,1214600.0,0.02,0.0
101140,1181659.0,0.02,0.0
101141,1179253.0,0.02,0.0
101142,1163712.0,0.02,0.0
101143,1133603.0,0.02,6252.0
101144,1115391.0,0.01,0.0
101145,1108949.0,0.01,0.0
101146,1092140.0,0.01,0.0
101147,1076398.0,0.01,0.0
101148,1055777.0,0.01,0.0
101149,1039799.0,0.01,-10000.0
101150,1036053.0,0.01,0.0
101151,1030217.0,0.01,0.0
101152,1008991.0,0.01,0.0
101153,1000000.0,0.01,0.0
101154,2851445.0,3.39,92413.0
101155,2504667.0,2.98,0.0
101156,2477445.0,2.95,0.0
101157,2149941.0,2.56,0.0
101158,1007050.0,1.2,0.0
101159,745000.0,0.89,0.0
101160,713259.0,0.85,0.0
101161,472849.0,0.56,0.0
101162,372222.0,0.44,0.0
101163,338355.0,0.4,-10870.0
101164,319763.0,0.38,0.0
101165,301911.0,0.36,0.0
101166,300000.0,0.36,0.0
101167,300000.0,0.36,0.0
101168,300000.0,0.36,0.0
101169,300000.0,0.36,0.0
101170,300000.0,0.36,0.0
101171,300000.0,0.36,0.0
101172,300000.0,0.36,0.0
101173,300000.0,0.36,0.0
101174,300000.0,0.36,0.0
101175,300000.0,0.36,0.0
101176,300000.0,0.36,0.0
101177,300000.0,0.36,0.0
101178,300000.0,0.36,0.0
101179,300000.0,0.36,0.0
101180,300000.0,0.36,0.0
101181,300000.0,0.36,0.0
101182,300000.0,0.36,0.0
101183,300000.0,0.36,0.0
101184,298695.0,0.36,0.0
101185,298290.0,0.36,0.0
101186,297806.0,0.35,0.0
101187,296840.0,0.35,0.0
101188,294848.0,0.35,0.0
101189,292757.0,0.35,0.0
101190,290160.0,0.35,2429.0
101191,288999.0,0.34,0.0
101192,287580.0,0.34,-2194.0
101193,286105.0,0.34,0.0
101194,257307.0,0.31,0.0
101195,235869.0,0.28,0.0
101196,235869.0,0.28,0.0
101197,235869.0,0.28,0.0
101198,235869.0,0.28,0.0
101199,227992.0,0.27,-68752.0
101200,219900.0,0.26,0.0
101201,217928.0,0.26,0.0
101202,214652.0,0.26,0.0
101203,209893.0,0.25,822.0
101204,204601.0,0.24,0.0
101205,200940.0,0.24,0.0
101206,200000.0,0.24,0.0
101207,187934.0,0.22,0.0
101208,182830.0,0.22,0.0
101209,182125.0,0.22,0.0
101210,180185.0,0.21,0.0
101211,177151.0,0.21,0.0
101212,176007.0,0.21,0.0
101213,175001.0,0.21,0.0
101214,173131.0,0.21,0.0
101215,165556.0,0.2,0.0
101216,165454.0,0.2,0.0
101217,165400.0,0.2,0.0
101218,165198.0,0.2,0.0
101219,164749.0,0.2,0.0
101220,163319.0,0.19,0.0
101221,163264.0,0.19,0.0
101222,163192.0,0.19,0.0
101223,162997.0,0.19,57375.0
101224,162482.0,0.19,0.0
101225,160700.0,0.19,0.0
101226,160000.0,0.19,0.0
101227,159050.0,0.19,0.0
101228,158977.0,0.19,0.0
101229,154544.0,0.18,0.0
101230,151831.0,0.18,11861.0
101231,150965.0,0.18,17136.0
101232,150000.0,0.18,0.0
101233,146352.0,0.17,0.0
101234,142850.0,0.17,0.0
101235,140558.0,0.17,0.0
101236,140000.0,0.17,0.0
101237,136365.0,0.16,0.0
101238,124464.0,0.15,0.0
101239,123593.0,0.15,0.0
101240,118241.0,0.14,86.0
101241,113803.0,0.14,0.0
101242,110550.0,0.13,-980.0
101243,105206.0,0.13,0.0
101244,104594.0,0.12,0.0
101245,103875.0,0.12,0.0
101246,103665.0,0.12,0.0
101247,103557.0,0.12,0.0
101248,102951.0,0.12,-907.0
101249,100913.0,0.12,0.0
101250,100001.0,0.12,0.0
101251,100000.0,0.12,0.0
101252,100000.0,0.12,0.0
101253,0.0,0.0,0.0
101254,38851927.0,25.64,2125865.0
100223,37363808.0,24.66,3223774.0
100223,37363808.0,24.66,3223774.0
100223,37363808.0,24.66,3223774.0
101255,8656039.0,5.71,209343.0
101256,6560283.0,4.33,-7209031.0
100245,3416618.0,2.25,712249.0
100245,3416618.0,2.25,712249.0
100245,3416618.0,2.25,712249.0
101257,3183713.0,2.1,0.0
101258,2394006.0,1.58,283111.0
101259,2203718.0,1.45,186233.0
101260,2049436.0,1.35,-2127362.0
101261,1910585.0,1.26,-21986.0
100233,1748161.0,1.15,-203153.0
100233,1748161.0,1.15,-203153.0
100233,1748161.0,1.15,-203153.0
100458,1699495.0,1.12,176079.0
100458,1699495.0,1.12,176079.0
101262,1689179.0,1.11,0.0
101263,1328660.0,0.88,112294.0
100297,1105701.0,0.73,0.0
100297,1105701.0,0.73,0.0
100297,1105701.0,0.73,0.0
101264,1040378.0,0.69,191030.0
100464,968025.0,0.64,250720.0
100464,968025.0,0.64,250720.0
101265,859689.0,0.57,-185077.0
101266,852002.0,0.56,-129848.0
101267,732518.0,0.48,-808114.0
101268,730338.0,0.48,0.0
100265,700174.0,0.46,-234642.0
100265,700174.0,0.46,-234642.0
101269,663523.0,0.44,0.0
101270,645013.0,0.43,-813650.0
101271,596056.0,0.39,0.0
101272,589358.0,0.39,211413.0
101273,586990.0,0.39,-155523.0
101274,565079.0,0.37,0.0
101275,564248.0,0.37,0.0
100237,548140.0,0.36,351848.0
100237,548140.0,0.36,351848.0
100237,548140.0,0.36,351848.0
101276,542900.0,0.36,-143985.0
101277,500000.0,0.33,0.0
100421,462348.0,0.31,80765.0
100421,462348.0,0.31,80765.0
100241,400000.0,0.26,-200000.0
100241,400000.0,0.26,-200000.0
101278,384509.0,0.25,41192.0
101279,365624.0,0.24,-35365.0
101280,346913.0,0.23,-30000.0
101281,328177.0,0.22,-239000.0
101282,321278.0,0.21,0.0
101283,295812.0,0.2,0.0
101284,286116.0,0.19,24622.0
101285,279972.0,0.18,187504.0
101286,274775.0,0.18,0.0
101287,272384.0,0.18,0.0
101288,259487.0,0.17,0.0
101289,253332.0,0.17,12905.0
101290,235385.0,0.16,-1291070.0
101291,230687.0,0.15,0.0
101292,226534.0,0.15,0.0
101293,224567.0,0.15,0.0
101294,213808.0,0.14,24279.0
101295,208962.0,0.14,0.0
101296,198614.0,0.13,98728.0
101297,183209.0,0.12,23687.0
101298,178162.0,0.12,0.0
101299,170942.0,0.11,0.0
101300,169849.0,0.11,0.0
101301,164830.0,0.11,0.0
101302,161401.0,0.11,0.0
101303,158217.0,0.1,0.0
101304,153940.0,0.1,0.0
101305,147796.0,0.1,0.0
101306,147223.0,0.1,0.0
101307,145000.0,0.1,0.0
101308,144650.0,0.1,-61951.0
101309,143584.0,0.09,26093.0
101310,140119.0,0.09,0.0
101311,134232.0,0.09,0.0
101312,133309.0,0.09,0.0
101313,130524.0,0.09,3798.0
101314,128854.0,0.09,0.0
101315,124933.0,0.08,0.0
101316,120998.0,0.08,9821.0
101317,119767.0,0.08,0.0
101318,119128.0,0.08,-113.0
101319,117134.0,0.08,0.0
101320,114891.0,0.08,0.0
101321,108448.0,0.07,-44433.0
101322,103575.0,0.07,-74.0
101323,100498.0,0.07,0.0
101324,100173.0,0.07,0.0
101325,100000.0,0.07,0.0
101326,99858.0,0.07,0.0
101327,98355.0,0.06,0.0
101328,97444.0,0.06,0.0
101329,96980.0,0.06,-200531.0
101330,96308.0,0.06,-6538.0
101331,94759.0,0.06,0.0
101332,94465.0,0.06,-11000.0
101333,94233.0,0.06,0.0
101334,93732.0,0.06,833.0
101335,87574.0,0.06,0.0
101336,86328.0,0.06,0.0
101337,86210.0,0.06,0.0
101338,85859.0,0.06,0.0
101339,83585.0,0.06,0.0
101340,81127.0,0.05,0.0
101341,80383.0,0.05,-21110.0
101342,79464.0,0.05,-10.0
101343,78595.0,0.05,0.0
