wallet_guid,wallet_id
34xp4vRoCGJym3xR7yCVPFHoCNxv4Twseo,100001
bc1qgdjqv0av3q56jvd82tkdjpy7gdp9ut8tlqmgrpmv24sq90ecnvqqjwvw97,100002
3JJmF63ifcamPLiAmLgG96RA599yNtY3EQ,100003
1LQoWist8KkaUXSPKZHNvEyfrEkPHzSsCd,100004
bc1qazcm763858nkj2dj986etajv6wquslv8uxwczt,100005
37XuVSEpWW4trkfmvWzegTHQt7BdktSKUs,100006
1FeexV6bAHb8ybZjqQMjJrcCrHGW9sb6uF,100007
bc1qa5wkgaew2dkv56kfvj49j0av5nml45x9ek9hz6,100008
3LYJfcfHPXYJreMsASk2jkn69LWEYKzexb,100009
bc1qd4ysezhmypwty5dnw7c8nqy5h5nxg0xqsvaefd0qn5kq32vwnwqqgv4rzr,100010
bc1qm34lsc65zpw79lxes69zkqmk6ee3ewf0j77s3h,100011
1LdRcdxfbSnmCYYNdeYpUnztiYzVfBEQeC,100012
bc1qjasf9z3h7w3jspkhtgatgpyvvzgpa2wwd2lr0eh5tx44reyn2k7sfc27a4,100013
1AC4fMwgY8j9onSbXEWeH6Zan8QGMSdmtA,100014
1LruNZjwamWJXThX2Y8C2d47QqhAkkc5os,100015
3M219KR5vEneNb47ewrPfWyb5jQ2DjxRP6,100016
3LCGsSmfr24demGvriN4e3ft8wEcDuHFqh,100017
3LQUu4v9z6KNch71j7kbj8GPeAGUo1FW6a,100018
bc1q7ydrtdn8z62xhslqyqtyt38mm4e2c4h3mxjkug,100019
bc1qjh0akslml59uuczddqu0y4p3vj64hg5mc94c40,100020
12XqeqZRVkBDgmPLVY4ZC6Y4ruUUEug8Fx,100021
bc1qx9t2l3pyny2spqpqlye8svce70nppwtaxwdrp4,100022
3FHNBLobJnbCTFTVakh5TXmEneyf5PT61B,100023
38UmuUqPCrFmQo4khkomQwZ4VbY2nZMJ67,100024
12ib7dApVFvg82TXKycWBNpN8kFyiAN1dr,100025
bc1qf2yvj48mzkj7uf8lc2a9sa7w983qe256l5c8fs,100026
12tkqA9xSoowkzoERHMWNKsTey55YEBqkv,100027
1aXzEKiDJKzkPxTZy9zGc3y1nCDwDPub2,100028
17MWdxfjPYP2PYhdy885QtihfbW181r1rn,100029
bc1qjysjfd9t9aspttpjqzv68k0ydpe7pvyd5vlyn37868473lell5tqkz456m,100030
19D5J8c59P2bAkWKvxSYw8scD3KUNWoZ1C,100031
3FupZp77ySr7jwoLYEJ9mwzJpvoNBXsBnE,100032
19N9sDbJ7MDQcPFSjPNqjNDzyRNbNsQ6Zv,100033
1932eKraQ3Ad9MeNBHb14WFQbNrLaKeEpT,100034
bc1qcdeadk07jkthules0yw9u9ue9pklvr608ez94jgwcf7h2ldzcg6qwxp9er,100035
bc1quhruqrghgcca950rvhtrg7cpd7u8k6svpzgzmrjy8xyukacl5lkq0r8l2d,100036
1m5SViB9XNwsusvnnUqpfL9Q1E5EZxPHs,100037
3LoAAJN3tbMCEXWjGNeiyG2TtzLJYXcG5R,100038
17rm2dvb439dZqyMe2d4D6AQJSgg6yeNRn,100039
15cHRgVrGKz7qp2JL2N5mkB2MCFGLcnHxv,100040
1PeizMg76Cf96nUQrYg8xuoZWLQozU5zGW,100041
1Ay8vMC7R1UbyCCZRVULMV7iQpHSAbguJP,100042
bc1qyg4z96sy84594r4a28mc8esdkkuj4dq08jmtt5,100043
bc1qkz55x35wlnrkrn5n0nq4wwsme9vszrwavu5qf4,100044
39gUvGynQ7Re3i15G3J2gp9DEB9LnLFPMN,100045
385cR5DM96n1HvBDMzLHPYcw89fZAXULJP,100046
3Kzh9qAqVWQhEsfQz7zEQL1EuSx5tyNLNS,100047
15pqaBHFwFEphRqmXAPbs3QRLLPB7e2uMb,100048
bc1qtrxc0use4hlm7fl0j6t37z7qlwl5eppj8lywz6,100049
3H5JTt42K7RmZtromfTSefcMEFMMe18pMD,100050
34HpHYiyQwg69gFmCq2BGHjF1DZnZnBeBP,100051
1BAuq7Vho2CEkVkUxbfU26LhwQjbCmWQkD,100052
1GR9qNz7zgtaW5HwwVpEJWMnGWhsbsieCG,100053
bc1qx2x5cqhymfcnjtg902ky6u5t5htmt7fvqztdsm028hkrvxcl4t2sjtpd9l,100054
3EMVdMehEq5SFipQ5UfbsfMsH223sSz9A9,100055
3BMEXqGpG4FxBA1KWhRFufXfSTRgzfDBhJ,100056
1KVpuCfhftkzJ67ZUegaMuaYey7qni7pPj,100057
1BZaYtmXka1y3Byi2yvXCDG92Tjz7ecwYj,100058
3C8mzzeiyakvXkQadUM5f98zCt5NQWwXo1,100059
bc1qcdqj2smprre85c78d942wx5tauw5n7uw92r7wr,100060
3FrmCRcGKiTATfreBDM9F17yAUDoDsnWeA,100061
bc1q080rkmk3kj86pxvf5nkxecdrw6nrx3zzy9xl7q,100062
31oxjGsmepoq2cipeGQ2zKZRRBCf1m3kAC,100063
3Qrx7c1f2SmubFMJvKJnFW37YwacQmxDqq,100064
35pgGeez3ou6ofrpjt8T7bvC9t6RrUK4p6,100065
3JZq4atUahhuA9rLhXLMhhTo133J9rF97j,100066
bc1q4vxn43l44h30nkluqfxd9eckf45vr2awz38lwa,100067
bc1qy84w3ph80m0wzjpec9zd0689vdc3m8tcc573ck,100068
1DNUjpHPNKMoKYBHxJz2Sh1uQQdJkGsXj5,100069
1FZy7CPFA2UqqQJYUA1cG9KvdDFbSMBJYG,100070
15ZQJagAa2iUCwpQXUUCZ4BfzFW5TAVyJj,100071
1Cr7EjvS8C7gfarREHCvFhd9gT3r46pfLb,100072
1M9pAdfhGHtQkhGRijApWAkkrPCduvV6Zi,100073
18oRfGoPpb6bkQdACnD6dVYWceeWURK5R6,100074
bc1q4c8n5t00jmj8temxdgcc3t32nkg2wjwz24lywv,100075
3A9qNS69dngSU2ak8BwZKEExeVnL2RqpYJ,100076
17VtnnuFFH8DETnNJB53APeJ6jPSFmKmWb,100077
bc1qzk2pyxtahg64cx6gyq02vrw65fdxtpr253r4ygww9n2w2zjyy8wsnyc666,100078
3MgEAFWu1HKSnZ5ZsC8qf61ZW18xrP5pgd,100079
1F34duy2eeMz5mSrvFepVzy7Y1rBsnAyWC,100080
1JHceFenZHACSRPD6tE4bfU6yJ83wTG6kH,100081
bc1qhd0r5kh3u9mhac7de58qd2rdfx4kkv84kpx302,100082
13pTeUzSU4nwkM72hM6e8AcP2d8LudZBjc,100083
bc1qrj8jwwea530rx00ldc22w8mnaclae4m54e6tgy,100084
14m3sd9HCCFJW4LymahJCKMabAxTK4DAqW,100085
1f1miYFQWTzdLiCBxtHHnNiW7WAWPUccr,100086
bc1qsxdxm0exqdsmnl9ejrz250xqxrxpxkgf5nhhtq,100087
bc1qtef0p08lputg4qazhx2md43ynhc9kp20pn297qnz68068d9z48asmemanj,100088
1BAFWQhH9pNkz3mZDQ1tWrtKkSHVCkc3fV,100089
bc1qe75775tzuvspl59cw77ycc472jl0sgue69x3up,100090
14YK4mzJGo5NKkNnmVJeuEAQftLt795Gec,100091
1Ki3WTEEqTLPNsN5cGTsMkL2sJ4m5mdCXT,100092
35WHp4Hid61peyH4tuhNunwRj2gtNB41Lo,100093
1KbrSKrT3GeEruTuuYYUSQ35JwKbrAWJYm,100094
1P1iThxBH542Gmk1kZNXyji4E4iwpvSbrt,100095
12tLs9c9RsALt4ockxa1hB4iTCTSmxj2me,100096
1ucXXZQSEf4zny2HRwAQKtVpkLPTUKRtt,100097
1CPaziTqeEixPoSFtJxu74uDGbpEAotZom,100098
1GUfWdZQoo2pQ4BKHsiegxuZPnheY5ueTm,100099
12HnxiXEeKUVjQRbMVTytsGWnzHd5LdGCt,100100
0x00000000219ab540356cbb839cbe05303d7705fa,100101
0xc02aaa39b223fe8d0a0e5c4f27ead9083c756cc2,100102
0xbe0eb53f46cd790cd13851d5eff43d12404d33e8,100103
0xda9dfa130df4de4673b89022ee50ff26f6ea73cf,100104
0x0716a17fbaee714f1e6ab0f9d59edbc5f09815c0,100105
0x8315177ab297ba92a06054ce80a67ed4dbd7ed3a,100106
0xf977814e90da44bfa03b6295a0616a897441acec,100107
0x28c6c06298d514db089934071355e5743bf21d60,100108
0x47ac0fb4f2d84898e4d9e7b4dab3c24507a6d503,100109
0xdc24316b9ae028f1497c275eb9192a3ea0f67022,100110
0xe92d1a43df510f82c66382592a047d288f85226f,100111
0x61edcdf5bb737adffe5043706e7c5bb1f1a56eea,100112
0xc61b9bb3a7a0767e3179713f3a5c7a9aedce193c,100113
0xdf9eb223bafbe5c5271415c75aecd68c21fe3d7f,100114
0xde0b295669a9fd93d5f28d9ec85e40f4cb697bae,100115
0xca8fa8f0b631ecdb18cda619c4fc9d197c8affca,100116
0x3bfc20f0b9afcace800d73d2191166ff16540258,100117
0x99c9fc46f92e8a1c0dec1b1747d010903e884be1,100118
0x4ddc2d193948926d02f9b1fe9e1daa0718270ed5,100119
0x8103683202aa8da10536036edef04cdd865c225e,100120
0x78605df79524164911c144801f41e9811b7db73d,100121
0x189b9cbd4aff470af2c0102f365fc1823d857965,100122
0x0a4c79ce84202b03e95b7a692e5d728d83c44c76,100123
0x2b6ed29a95753c3ad948348e3e7b1a251080ffb9,100124
0x220866b1a2219f40e72f5c628b65d54268ca3a9d,100125
0x1b3cb81e51011b549d78bf720b0d924ac763a7c2,100126
0x9845e1909dca337944a0272f1f9f7249833d2d19,100127
0x8484ef722627bf18ca5ae6bcf031c23e6e922b30,100128
0x15c22df3e71e7380012668fb837c537d0f8b38a1,100129
0xf3b0073e3a7f747c7a38b36b805247b222c302a3,100130
0xafcd96e580138cfa2332c632e66308eacd45c5da,100131
0x98ec059dc3adfbdd63429454aeb0c990fba4a128,100132
0x868dab0b8e21ec0a48b726a1ccf25826c78c6d7f,100133
0x539c92186f7c6cc4cbf443f26ef84c595babbca1,100134
0xbfbbfaccd1126a11b8f84c60b09859f80f3bd10f,100135
0x0c23fc0ef06716d2f8ba19bc4bed56d045581f2d,100136
0x558553d54183a8542f7832742e7b4ba9c33aa1e6,100137
0xcdbf58a9a9b54a2c43800c50c7192946de858321,100138
0x2f2d854c1d6d5bb8936bb85bc07c28ebb42c9b10,100139
0xbf3aeb96e164ae67e763d9e050ff124e7c3fdd28,100140
0xa90aa5a93fa074de79306e44596109dc53e01410,100141
0x434587332cc35d33db75b93f4f27cc496c67a4db,100142
0xbddf00563c9abd25b576017f08c46982012f12be,100143
0x36a85757645e8e8aec062a1dee289c7d615901ca,100144
0xa7e4fecddc20d83f36971b67e13f1abc98dfcfa6,100145
0x5b5b69f4e0add2df5d2176d7dbd20b4897bc7ec4,100146
0x9e927c02c9eadae63f5efb0dd818943c7262fb8e,100147
0x7da82c7ab4771ff031b66538d2fb9b0b047f6cf9,100148
0xcffad3200574698b78f32232aa9d63eabd290703,100149
0xfd898a0f677e97a9031654fc79a27cb5e31da34a,100150
0xfe01a216234f79cfc3bea7513e457c6a9e50250d,100151
0xb8cda067fabedd1bb6c11c626862d7255a2414fe,100152
0x77afe94859163abf0b90725d69e904ea91446c7b,100153
0x701c484bfb40ac628afa487b6082f084b14af0bd,100154
0x4b4a011c420b91260a272afd91e54accdafdfc1d,100155
0xc4cf565a5d25ee2803c9b8e91fc3d7c62e79fe69,100156
0xb20411c403687d1036e05c8a7310a0f218429503,100157
0x9a1ed80ebc9936cee2d3db944ee6bd8d407e7f9f,100158
0x7ae92148e79d60a0749fd6de374c8e81dfddf792,100159
0xba18ded5e0d604a86428282964ae0bb249ceb9d0,100160
0xd05e6bf1a00b5b4c9df909309f19e29af792422b,100161
0x19d599012788b991ff542f31208bab21ea38403e,100162
0xca582d9655a50e6512045740deb0de3a7ee5281f,100163
0x0f00294c6e4c30d9ffc0557fec6c586e6f8c3935,100164
0xeb2b00042ce4522ce2d1aacee6f312d26c4eb9d6,100165
0xb9fa6e54025b4f0829d8e1b42e8b846914659632,100166
0x0c05ec4db907cfb91b2a1a29e7b86688b7568a6d,100167
0xe04cf52e9fafa3d9bf14c407afff94165ef835f7,100168
0x9c2fc4fc75fa2d7eb5ba9147fa7430756654faa9,100169
0x8d95842b0bca501446683be598e12f1c616770c1,100170
0x35aeed3aa9657abf8b847038bb591b51e1e4c69f,100171
0xb93d8596ac840816bd366dc0561e8140afd0d1cb,100172
0x3262f13a39efaca789ae58390441c9ed76bc658a,100173
0x1db92e2eebc8e0c075a02bea49a2935bcd2dfcf4,100174
0xb5ab08d153218c1a6a5318b14eeb92df0fb168d6,100175
0xdb3c617cdd2fbf0bb4309c325f47678e37f096d9,100176
0x7ead3a4361bd26a20deb89c9470be368ee9cb6f1,100177
0xc882b111a75c0c657fc507c04fbfcd2cc984f071,100178
0xebef741f393d64e8cd8205e92dd02a87a1362a6a,100179
0xd5268a476aadd1a6729df5b3e5e8f2c1004139af,100180
0xd47b4a4c6207b1ee0eb1dd4e5c46a19b50fec00b,100181
0x595faf77e533a5cd30ab5859c9a0116de8bad8db,100182
0xd65fb7d4cb595833e84c3c094bd4779bab0d4c62,100183
0x1bd3fc5ac794e7af8e834a8a4d25b08acd9266ce,100184
0xf481b7fab9f5d0e74f21ae595a749634fb053619,100185
0x756d64dc5edb56740fc617628dc832ddbcfd373c,100186
0xd6216fc19db775df9774a6e33526131da7d19a2c,100187
0x25eede682c0e6cca2ee4ce2ff492f64c808a18ea,100188
0x73af3bcf944a6559933396c1577b257e2054d935,100189
0x79f67f689b9925710d4dda2a39d680e9cea61c81,100190
0x7f1502605a2f2cc01f9f4e7dd55e549954a8cd0c,100191
0x2d1566722288be5525b548a642c98b546f116aa0,100192
0xb4f4317b7885de16305d1303570879c21f378255,100193
0xf443864ba5d5361bbc54298551067194f980a635,100194
0x84bf16e7675cee22d0e0302913ccf58b45333ddf,100195
0x6d9d2b30df394f17a5058aceb9a4d3446f1bc042,100196
0x368d43c23843ca9b49dc861d80251bda6a090367,100197
0x3ebe56451ef0e2ded957e53faff9ff0918955354,100198
0x0548f59fee79f8832c299e01dca5c76f034f558e,100199
0xa1a45e91164cdab8fa596809a9b24f8d4fdbe0f3,100200
0xf89d7b9c864f589bbf53a82105107622b35eaa40,100201
0x0d0707963952f2fba59dd06f2b425ace40b492fe,100202
0x62383739d68dd0f844103db8dfb05a7eded5bbe6,100203
0xd082d6e0af69f74f283b90c3cda9c35615bce367,100204
0xb6cfcf89a7b22988bfc96632ac2a9d6dab60d641,100205
0xd69d402d1bdb9a2b8c3d88d98b9ceaf9e4cd72d9,100206
0x960ea3e3c7fb317332d990873d354e18d7645590,100207
0x641c00a822e8b671738d32a431a4fb6074e5c79d,100208
0x6ab707aca953edaefbc4fd23ba73294241490620,100209
0x7f90122bf0700f9e7e1f688fe926940e8839f353,100210
0xf2dbc42875e7764edbd89732a15214a9a0deb085,100211
0xe25c248ee2d3d5b428f1388659964446b4d78599,100212
0x8f9c79b9de8b0713dcac3e535fc5a1a92db6ea2d,100213
0x1619de6b6b20ed217a58d00f37b9d47c7663feca,100214
0x941f4ac07d2526258fc9a07a6c9a23715968b419,100215
0x9dd329f5411466d9e0c488ff72519ca9fef0cb40,100216
0xcb0e5bfa72bbb4d16ab5aa0c60601c438f04b4ad,100217
0xd0fd891e6990689cc5ce6eb15395d58a6f8bd8b2,100218
0x9b64203878f24eb0cdf55c8c6fa7d08ba0cf77e5,100219
0x5bdf85216ec1e38d6458c870992a69e38e03f7ef,100220
0x227ad861466853783f5956ddbb119235ff4377b3,100221
0x4943b0c9959dcf58871a799dfb71bece0d97c9f4,100222
0x489ee077994b6658eafa855c308275ead8097c4a,100223
0x1c31fb3359357f6436565ccb3e982bc6bf4189ae,100224
0x0e90b2e2c5978edcf4363317f01d67e4bdae8d2a,100225
0x489a8756c18c0b8b24ec2a2b9ff3d4d447f79bec,100226
0x2487cb1a359c942312259bbc64a01cee32e9f539,100227
0x8c9d230d45d6cfee39a6680fb7cb7e8de7ea8e71,100228
0xa00b0540f43e00a634d016a31b0a39d95170e6bf,100229
0x515dc0ed66ec807066ecc99b53a25b4477fff51f,100230
0x345e50e9b192fb77ea2c789d9b486fd425441fdd,100231
0x88cdd4e3fa3585a364c30d217f6a31c52afa3f1f,100232
0x969f7699fbb9c79d8b61315630cdeed95977cfb8,100233
0x13398e27a21be1218b6900cbedf677571df42a48,100234
0x13fda18516eafe5e8ae930f86fa51ae4b6c35e8f,100235
0x8343d5ab29b1a4928dc4e331fce2e43c0e4fe4c3,100236
0x3e0199792ce69dc29a0a36146bfa68bd7c8d6633,100237
0x18f7402b673ba6fb5ea4b95768aabb8aad7ef18a,100238
0x03e6fa590cadcf15a38e86158e9b3d06ff3399ba,100239
0x76f1165fe04f0a8ac6dae7f0012e3b4686f05a01,100240
0x9fb1750da6266a05601855bb62767ebc742707b1,100241
0xef47ccc71ec8941b67dc679d1a5f78facfd0ec3c,100242
0xb86f1061e0d79e8319339d5fdbb187d4e7ad3300,100243
0x3869a38752f50ca1c864c3df635e1f49aba102ff,100244
0xc32eb36f886f638fffd836df44c124074cfe3584,100245
0xabf7821531b4b93b8e1009e5f7f48dcca4c31038,100246
0x592394cfb602f8a60b6c209c7775fb927c757ff2,100247
0x3ca430c26723e03d77f335f6ba57076f6ac89032,100248
0xc887b673632dee97c4ebb861a2660cc883d39059,100249
0x32cbc0b0a02a43ad8f8a58444d203b9deeb81e27,100250
0xa188b73fae8ddd9c8fb41929fe5c5904b23268e6,100251
0xcf7841fd47bf33004b07ede874e7afc714616231,100252
0xc9df93497b1852552f2200701ce58c236cc0378c,100253
0x97bca422ec0ee4851f2110ea743c1cd0a14835a1,100254
0xcc71dd74183ea325f537665678263565c0b7e493,100255
0x6027c5c013552fd20d12c5aa909f4ee6ef99793a,100256
0x9f905e1125552632208c06040978919259273b99,100257
0xe4b2dfc82977dd2dce7e8d37895a6a8f50cbb4fb,100258
0x2e0929bd71c21cfc66dce799b132f979ff8db7a0,100259
0xae60c874ee07f44fb7bbbd1a5087cdb66e90bed8,100260
0x3d6675b5c730200d3306c189a48b23186ea25e02,100261
0x80151aae63b24a7e1837fe578fb6be026ae8abba,100262
0xf52f079af080c9fb5afca57dde0f8b83d49692a9,100263
0x514d27e46c1befa9d4cccaf33273e468937049f3,100264
0x15b9d20bcaa4f65d9004d2bebac4058445fd5285,100265
0xdec0b52b61465fbe2116e2b997d6fe79bb344990,100266
0xcfb6510f0200e078fa3998b303a0614e0541943b,100267
0xb89b28bb49e6e90799867371cb4d213cf9cfad23,100268
0x2fa6f21ecfe274f594f470c376f5bdd061e08a37,100269
0xf3f094484ec6901ffc9681bcb808b96bafd0b8a8,100270
0xa329ac2efffea563159897d7828866cfaed42167,100271
0x2ce89170a14e20584789ffe5c3d4cd83270dc349,100272
0x8af07cef7b52cb96fe61a5391cdcc3f46226817e,100273
0x268bda82c5313e0725fa782155f426e3ff2c1d11,100274
0x6e73c0d08e40a78f937d5fa2547748a7cb1ef1dc,100275
0xa3c3e4a4558b961ffc7cc47829115e8988744425,100276
0xc82819f72a9e77e2c0c3a69b3196478f44303cf4,100277
0x709d8527320405df3fdf54dad6db5458fffe4b34,100278
0x7c43a9c3b85619be2f7c0a4d676ecd373f63b73c,100279
0x44cdf5988e3a21786690f00de3bd0c531e605b6d,100280
0x323608c41143932ad7d4cd96d7d17bfcffc28e49,100281
0xb1c3d6ac7a388e3ac0a1f00b742c80099578b3b8,100282
0x280027dd00ee0050d3f9d168efd6b40090009246,100283
0x7c9bb9ac9004693f4742adab98911c7907636984,100284
0x087abaab9cd85025a8b3916948c69fe173c837ea,100285
0x86c149c60268d803bdad0ffcd10056de915f2ed4,100286
0x171cda359aa49e46dec45f375ad6c256fdfbd420,100287
0x5c5abb7047b27c70abec5a840f3d0c4c7759ce8f,100288
0x3a7cd9a48bba0711964768164bf3525bb86da1b3,100289
0x47ed57f375d3dddae2ded7a6de522c35bc9419af,100290
0xb8aa98969728ead6076fe9a72cab65cea5dee023,100291
0xd87450448d12b5f93af5da3184a6970e41700abf,100292
0x81c89882c1fbac0eaa7c9dce393e831c3bc259fe,100293
0x6cb51cf2e235f6d52fe0506e9fc9eb80741073b6,100294
0x64c5525167b27b7b3dbb72403d5694a6c23da078,100295
0x1506b54a1c0ea1b2f4a84866ec5776f7f6e7f0b1,100296
0xaf184b4cbc73a9ca2f51c4a4d80ed67a2578e9f4,100297
0xf6e4e3ccae0514faad07e83558bf50e053684e90,100298
0x5be9d97c035f95df8c7371ee5ef39603a9cc7443,100299
0xa52dfb36aa490aa5a83df0b4b2d917da7e19b635,100300
0xf2549fba1da6e17a1e82478a0b0a945adb7416c7,100301
0x480234599362dc7a76cd99d09738a626f6d77e5f,100302
0xa73d9021f67931563fdfe3e8f66261086319a1fc,100303
0xb8c77482e45f1f44de1745f52c74426c631bdd52,100304
0xd041af244d15456aedfab358fa80d6e454f3bd27,100305
0x00f435fa1f4297d58644a5c96b75e26d45f9ea4b,100306
0x424dbed38cd0d83b13e2a150f86710fb445680cb,100307
0x8d12a197cb00d4747a1fe03395095ce2a5cc6819,100308
0x543e991e712bb51804d7dc86924b6d4e9819542a,100309
0x0f75e2f8b264be979d06ea08fae4b736b2837ab7,100310
0x8699cee9cca0f1e2e627059ef7dcd46e9735b9d5,100311
0xbd211a3a47cd8884b6e8d786c12f4b6898effdad,100312
0xb7ebb37d1b3d0cf456a6f0e2bd3c1489d6c3f507,100313
0x812afaf23feb4698e0fd657489ba04b8cac658ec,100314
0x9a34bbbdd6eb8c775e494692c5f661a9c5e574da,100315
0x31ce3bf27af01296f2174f3115d428ca40b9b5b9,100316
0x4566520f1f0cd06e0ff2f8c684483da4f2c2d9be,100317
0xd953a49c53c2a4db1cf37ac2ecef2dd082938795,100318
0xa32eeab263c7542958258bbeb52f8d4039b76511,100319
0xc0cb5b9f3f96a491323485cc848efb5d7047231e,100320
0xf60c2ea62edbfe808163751dd0d8693dcb30019c,100321
0x321ae9cd9f1626f4e78b8d97a4e1c2c456a60c76,100322
0x0a843d6351edfd74c628f72c2be33735a5c71341,100323
0x8df0be313758ab901b2d084bb19d6e14c7cccdfc,100324
0xb09fbdb544c9582f35cbefbe3c7d4d0e68b45aaa,100325
0xd97138ba5d681ce5692412d0d055c3a27fac3920,100326
0x915c138b2219317090cc29fbad3d4c13f6948b60,100327
0x44f58b8c6ca2dceba72d61a4d59b0098d48f915e,100328
0x9ce02f96a5a2edf5cfb9231317dcce81d16ee864,100329
0xd66eb1dec42fff5d7e40279beb0a94cf1b8a564d,100330
0x713cf085fb578053745d4e6f12c58c6b1f41a188,100331
0x8e89fe3cd76979aa7ed01b3c9b0a78e93bc2ad28,100332
0xfd3e92f8ebf45d355d3654b4dd61148677596424,100333
0x11f01afbb6314629a53a2db9fd357a228030a73e,100334
0xd26e169b8f9aeb8762fd48ec51a681ce228f6a2e,100335
0x8503fa99f2e7410e904f050849f8234091e1d108,100336
0x9dcfdd7e6416674681c1759f723773e7ab30169d,100337
0x7af95fdba886eaf50b06ee5daf25ef0cafdc37f4,100338
0x916e7922be7b149df49cd0f972cf7e599da6aa9b,100339
0x00ee047a66d5cff27587a61559138c26b62f7ceb,100340
0xc691277d693c9d42dd39ad8fde6833b93783101e,100341
0x8635831fd0dd43078ebc3af9eca4232c2ca49b73,100342
0xa375b695564e45db8b44bbb93d30291239e72e77,100343
0x3d5c2b398f514dfe452d7fa9a39c7094594d013d,100344
0x285a22aea25df0f33da1ef69d172a8f216641860,100345
0xe105c872d766209f5228f085af7a418c8352047b,100346
0x781b62036d1b9eb00f1d9d1ed70b02a8c8b2b686,100347
0xe0bb30e4da109b065b5f002905ae517acfe3c461,100348
0x6a9c371db67992444ca55d32ea4219dd264b8dd3,100349
0x5ad727d30bbcb5a7bcdfa213b940ccfa61835121,100350
0x176dbb5e78ee84c61e1b418fc8b9b708038b8a76,100351
0x002a35f09f462595b1905015a43c18b1e02fe24a,100352
0xaf6c414f572c8e38ac62e6809938e44ba72e3768,100353
0x8d738b3ddf8425e155f52caaaedc65ab28234f31,100354
0x46b34053855a7fb79cc3401325848bcd28b4ba8d,100355
0xf0f9367d2ff2a05b258f2d1503811b06726a64ed,100356
0x7eb2e1a3f7faaac93da015da16918d5051eae97f,100357
0xcff4643093adefa450498ac6d94dabfbfc989573,100358
0xc6a29705f86e837fc975c36f949d0f666cbbd1c6,100359
0xa4dbd1d6897c103460f54dda3b9a9d25ccddb929,100360
0x433c19ce63356d081783bc6267f909806be23a2b,100361
0x2d1f3c3ead90b00b492706b870f00e3fdd587e08,100362
0x248f4988bf7f072b88cf03b15a81ad730e4beac3,100363
0x198670956ac3dd32273ca3e54a2b890d01e00c89,100364
0x23aa4332b168f6e93a2aa1494aef21d607350631,100365
0x33db66389bcd820841642e3263f7712d59283a72,100366
0x505c893b11fe421812d5b4e56b93a7768c5f931d,100367
0x2b436807504fda94cc09c3a6c039072c937f1bfe,100368
0xb33516cf0d06f5381c4c31346525a5f0b8e3b354,100369
0x305f3244ae1508f79d8e20768978ba570230c6b4,100370
0x3eb25ed4f231d89f0bc47e91ba4f6c986a85c07e,100371
0x8ea0624e06852ed9e88c45323383be751c5e62d9,100372
0x48c7470b34d340e8d10931c949ff8f1608dd6f36,100373
0x8d1fd2b928563ebd4efb659ec5d3865ac79e40c4,100374
0x341c940ff250674e8fbebee09b5e4f873b6613b9,100375
0x255e60c9d597dcaa66006a904ed36424f7b26286,100376
0xf3c6eee8511ca945c2f8b21d233da11ac0b46c29,100377
0x0225610b230e068e9490416f9f16c43893961a18,100378
0x5ada914ce2227199484436b6a6d06ee7456cfc9d,100379
0x04cb38642b53135ee6c6201ee393b0e376bd9fbd,100380
0xeac95761cd8959fcd238296a49a200733d5c2593,100381
0x31bc9d1bf57ffff4ba82bba33299fc11a4b62f1a,100382
0x8a2135b8c00d7a390b9453eed2442af777aa7522,100383
0x9fbfec51b48caef9a14bc7420a3bbc00b91106be,100384
0x36c1e452fa1cd5516b277449fbdaae7c00e2fd88,100385
0x00852cb57f1640dc374b79948fa74bf0235a575f,100386
0xe3781b0875fe4c58776eca8fc3ab9824272bf245,100387
0x7d20bb33b65480aed848d97656ed9d2978a0e009,100388
0xb39a1a54acad320ca64ae671edb05332595eaa11,100389
0xe67f179447f1162a30f522a585594f77bc07ca46,100390
0xabac33f4231e9dfd14c9c06d59e5902ce02b0614,100391
0xc92a9d35baabd5eb1fbcc22b2917738060353174,100392
0x034dc7a468d5fffdb55e1267b22e582a6c55d726,100393
0x86929f776eb6378bb0c54814f96e6fa837017297,100394
0xcdaee7f66a5d04ac9258b5086ffb16308e8bc168,100395
0xea5d84883a914db889ebd4b73f52c4108b4c40c4,100396
0x2971a63663fb592141262543ed5327ec376d6169,100397
0x01eea150da44a83551dd16e14ea1232c2d6aa2ef,100398
0x892785f33cdee22a30aef750f285e18c18040c3e,100399
0x48a29e756cc1c097388f3b2f3b570ed270423b3d,100400
0x5957582f020301a2f732ad17a69ab2d8b2741241,100401
0x625e7708f30ca75bfd92586e17077590c60eb4cd,100402
0xc31e54c7a869b9fcbecc14363cf510d1c41fa443,100403
0x3405a1bd46b85c5c029483fbecf2f3e611026e45,100404
0xb619913921356904bf62aba7271e694fd95aa10d,100405
0x905dfcd5649217c42684f23958568e533c711aa3,100406
0x7b7b957c284c2c227c980d6e2f804311947b84d0,100407
0x84652bb2539513baf36e225c930fdd8eaa63ce27,100408
0x308c5b91f63307439fdb51a9fa4dfc979e2ed6b0,100409
0x87425d8812f44726091831a9a109f4bdc3ea34b4,100410
0x8b8149dd385955dc1ce77a4be7700ccd6a212e65,100411
0xa6a6090749b9e3010802c5bff3845aa6a4ac321b,100412
0x10541b07d8ad2647dc6cd67abd4c03575dade261,100413
0x4c42fa9ecc3a17229edf0fd6a8eec3f11d7e00d3,100414
0xf219c9f258100e247053ad462ffd88c4e1138ac9,100415
0xec6f3ef9481e7b8484290edbae2cedcdb0ce790e,100416
0x2798419f2db8ea5f0f3a9b405313801e052b9ca7,100417
0x0d49c416103cbd276d9c3cd96710db264e3a0c27,100418
0x466ead4273c8962a25711d8ff922e208606314d0,100419
0xe20f93279ff3538b1ad70d11ba160755625e3400,100420
0xba12222222228d8ba445958a75a0704d566bf2c8,100421
0x63643d4dd9adbe65ace96811a9ec1945cfb0f2c4,100422
0x1bacc2205312534375c8d1801c27d28370656cff,100423
0x17c14d2c404d167802b16c450d3c99f88f2c4f4d,100424
0x2fb6a2f5460a9132eb42c9783f6d8d6d3e09c533,100425
0x6e04cf2341f12d3e895f6eaa1fe23adf5bb9d08e,100426
0xb874005cbea25c357b31c62145b3aef219d105cf,100427
0x52392cffc5e89c319da73370bd6af1c64a440da2,100428
0x4188663a85c92eea35b5ad3aa5ca7ceb237c6fe9,100429
0xb19fe973edd97e971534f6c46d96f2b109d3f1de,100430
0x73ca43c063f06cbee4358a2fb705b0f9088e243f,100431
0x81c48d31365e6b526f6bbadc5c9aafd822134863,100432
0x6ee1fdf9816d97ada54a4f94f504601619e77f55,100433
0x50b2eadb950e822cae101a8af780bced3382d6fd,100434
0x8db6cf8e8ec31fcddb9c36e2becb20019b85ce37,100435
0xee9dec2712cce65174b561151701bf54b99c24c8,100436
0xfe3b6dd9457e13b2f44b9356e55fc5e6248b27ba,100437
0xc9b8a3fdecb9d5b218d02555a8baf332e5b740d5,100438
0x51f6406303c2e33cd8476f9ed8c43256c271d10b,100439
0x7ec3717f70894f6d9ba0be00774610394ce006ee,100440
0xa8328bf492ba1b77ad6381b3f7567d942b000baf,100441
0x08382dd974322b9c292bbede5fef36dceda291f2,100442
0x053f661abf26d086194540f20f312e0d90a61302,100443
0xe8c19db00287e3536075114b2576c70773e039bd,100444
0xaa6d06ceb39132b720b54259b70f41f9c975782a,100445
0x9fc3b6191927b044ef709addd163b15c933ee205,100446
0x6ec7b10bf7331794adaaf235cb47a2a292cd9c7e,100447
0x7052992202c4308e64880d56b3f30a483371db6b,100448
0x101ec5d2f85df15df968caea715967f3ab098d5e,100449
0x5513a48f3692df1d9c793eeab1349146b2140386,100450
0x6b19bfbaf2dd95a557d31966a572f9115157e7d1,100451
0x4f8b86ff37c5cdb8df2bfacd481266cb91edd975,100452
0xa09ea032a6bd9910d008540a5f9886a5de53830a,100453
0xf28f96ebb56c34e40aabf6553ad92413e7835f5b,100454
0x2aae7bae6332b5bffbc9450d359e21d99a44a61c,100455
0x52b5471d04487fb85b39e3ae47307f115fe8733f,100456
0xc1ecea28028adea143ca41ac95397f2335947ace,100457
0x01efed58b534d7a7464359a6f8d14d986125816b,100458
0xec0a6336f9c490856631c1300029ba2b40b77a6b,100459
0x3a33eb68e60015fdc1363ce4a70e031d784bbf68,100460
0xed320bf569e5f3c4e9313391708ddbfc58e296bb,100461
0xc449096c2ebafe8d5270e54619b66a5fd82c1447,100462
0x9ade1c17d25246c405604344f89e8f23f8c1c632,100463
0xdfba8ad57d2c62f61f0a60b2c508bcdeb182f855,100464
0x913398d79438e8d709211cfc3dc8566f6c67e1a8,100465
0xfa2ebd5ae6fda003376555165fff683e87d1ccb1,100466
0x51e99a0d09eeca8d7efec3062ac024b6d0989959,100467
0xfa82f1ba00b0697227e2ad6c668abb4c50ca0b1f,100468
0x226bf1ee0bb0cf647f6a9f0d8b380d6ab56de3cb,100469
0x22f40b8985ba0996c6849418d41d61c3a52f77b1,100470
0x3c6ef5ed8ad5df0d5e3d05c6e607c60f987fb735,100471
rMQ98K56yXJbDGv49ZSmW51sLn94Xe1mu1,100472
rKveEyR1SrkWbJX214xcfH43ZsoGMb3PEv,100473
rEy8TFcrAPvhpKrwyrscNYyqBGUkE9hKaJ,100474
rBEc94rUFfLfTDwwGN7rQGBHc883c2QHhx,100475
rs8ZPbYqgecRcDzQpJYAMhSxSi5htsjnza,100476
rUeDDFNp2q7Ymvyv75hFGC8DAcygVyJbNF,100477
rw7m3CtVHwGSdhFjV4MyJozmZJv3DYQnsA,100478
rwgvfze315jjAAxT2TyyDqAPzL68HpAp6v,100479
rBg2FuZT91C52Nny68houguJ4vt5x1o91m,100480
rEvwSpejhGTbdAXbxRTpGAzPBQkBRZxN5s,100481
rZcBQae9iSJqFYBpNCfxGLXH7xuEzizxR,100482
rsX8cp4aj9grKVD9V1K2ouUBXgYsjgUtBL,100483
rhEwsCWDCVxDiKxGJAKM6VuXC8EFtJP5gQ,100484
rncKvRcdDq9hVJpdLdTcKoxsS3NSkXsvfM,100485
rfL1mn4VTCoHdhHhHMwqpShCFUaDBRk6Z5,100486
rwa7YXssGVAL9yPKw6QJtCen2UqZbRQqpM,100487
rNcAdhSLXBrJ3aZUq22HaNtNEPpB5fR8Ri,100488
r4G689g4KePYLKkyyumM1iUppTP4nhZwVC,100489
rLgn612WAgRoZ285YmsQ4t7kb8Ui3csdoU,100490
rJo4m69u9Wd1F8fN2RbgAsJEF6a4hW1nSi,100491
rs48xReB6gjKtTnTfii93iwUhjhTJsW78B,100492
rJWbw1u3oDDRcYLFqiWFjhGWRKVcBAWdgp,100493
rMNUAfSz2spLEbaBwPnGtxTzZCajJifnzH,100494
r38a3PtqW3M7LRESgaR4dyHjg3AxAmiZCt,100495
rhREXVHV938ToGkdJQ9NCYEY4x8kSEtjna,100496
r476293LUcDqtjiSGJ5Dh44J1xBCDWeX3,100497
r44CNwMWyJf4MEA1eHVMLPTkZ1LSv4Bzrv,100498
rD6tdgGHG7hwGTA6P39aE7W89fbqxXRjzk,100499
rDfrrrBJZshSQDvfT2kmL9oUBdish52unH,100500
rDxJNbV23mu9xsWoQHoBqZQvc77YcbJXwb,100501
rhtufNsYfrozs4GvSq4HMYcR9y3dg8FWdC,100502
rDAE53VfMvftPB4ogpWGWvzkQxfht6JPxr,100503
rpPcmcGQ5iTXDc5zF5owxwTifkTs1qYrA6,100504
rhyp1uMC9Xyj3Px8amUH3xVv6tbjYJkojs,100505
rJpj1Mv21gJzsbsVnkp1U4nqchZbmZ9pM5,100506
rQ3BaZdPRbGa1p91sM8UKpwJ2rkUJDG9Ad,100507
rBxszqhQkhPALtkSpGuVeqR6hNtZ8xTH3T,100508
rPoJNiCk7XSFLR28nH2hAbkYqjtMC3hK2k,100509
rpMD8Hw7td1nLKSwPbEGhjJT8fhhpd7ZrC,100510
rDKw32dPXHfoeGoD3kVtm76ia1WbxYtU7D,100511
rNRc2S2GSefSkTkAiyjE6LDzMonpeHp6jS,100512
rKNwXQh9GMjaU8uTqKLECsqyib47g5dMvo,100513
rPh2BtTsJWsVLKUtp5RY6J9fTFekDgoQHN,100514
rp6vx6zwXkiXTXAZvxhADT7YiLuPhoyZzz,100515
rhWVCsCXrkwTeLBg6DyDr7abDaHz3zAKmn,100516
rJyEK6JdhEgiTJcvssLAizpq3nceBgV9oZ,100517
rE5Ekd2hTy62WNbCfpsN9DEC4bd8utr5Cx,100518
rpynXLU7rAHtdKmdwgiVqLSfz9xwDvK4hy,100519
rwBS6P88HnmTGkRgms78uM51LQL9p6Fcyb,100520
rBZz5VCEXpYzvhN8jWCC2Sb2QVDzsM5WKs,100521
rnArodsZcfbJoJ9WJ4fZEmBsjNX1889Kd7,100522
ragKXjY7cBTXUus32sYHZVfkY46Nt2Q829,100523
rsXNUCJkXeyFuGHyfRnuWPita2ns32upBD,100524
rJ5EJYsW6Vkeruj1LAmQYq3VP7QUQKBH1W,100525
rsF9cc6gniHLTR2Jng29ng21ez7L9PpmPt,100526
rG2eEaeiJou6cVQ3KtX7XMNwGhuW99xmHP,100527
rQKZSMgmBJvv3FvWj1vuGjUXnegTqJc25z,100528
rprAu33H7PLUc24EYiMcD3HKcZG18PFkzQ,100529
r93oSNBKuFjuKt8GxhF8VYaGzzwsNDPaX5,100530
rEbKBkgKSQgm5x8PycZc5VjdCVTmqYfcY1,100531
rKV8HEL3vLc6q9waTiJcewdRdSFyx67QFb,100532
rfsWHSUvapDCeCbmbhgcH34G9sHQ9JFuVx,100533
rH79WW15UPNP4RLiTJae5o58tbnUmeBF1U,100534
rUzWJkXyEtT8ekSSxkBYPqCvHpngcy6Fks,100535
r48vdi2bCvEgKiGBby5adQwmxL4sEgSrXh,100536
rstryhbE73v18SnJ3R8j1FSNYFWCSdELEd,100537
rnuDDzvYWTPqXTDVvwE9oLGLgxzV7Rpnpe,100538
rsbfd5ZYWqy6XXf6hndPbRjDAzfmWc1CeQ,100539
rnKHCJujGEWmePD4VqMSrgeKPotTk8NdtB,100540
rav4ti22NyMgD1WbGKoRy62hUL75dq8w4u,100541
r94JFtstbXmyG21h3RHKcNfkAHxAQ6HSGC,100542
rE57nxcDQscTokV25GAYcXzKi3tqfGzut9,100543
rLUrobvcPHmbRVgzgGA6Vsp7Eu7yBQpEQe,100544
rE3hWEGquaixF2XwirNbA1ds4m55LxNZPk,100545
r4DbbWjsZQ2hCcxmjncr7MRjpXTBPckGa9,100546
r4GZxkmmgJ2q5di7QTn4nWZJWr3JPN1YHe,100547
razaE6HTEMUc9ogMYwmBT5GQk2b9qtbTnC,100548
rsYFhEk4uFvwvvKJomHL7KhdF29r2sw9KD,100549
rP8GfS4Ku43STM9kHEoKeWVvhV1E525zfo,100550
rEuvmJgjK7PbmiWfvG9DGSWi1GcRcsoxgR,100551
rw1xqK3TvKCZcdTcHGp6b2Q8dELnCCGFvT,100552
rLRiiaAHTgkXHRy6ggw5gpUMMXEJywMtfA,100553
rBPd2qCsWKdd4Xe4BThb1EFQ8wq5FEBNRo,100554
rDqWRAtjmPjEVnanEzaqpcqyif7BVu6SUF,100555
rXzRVoohqvahY4zyUrfmznpVgkLJsDCtd,100556
rrsSUzrT2mYAMiL46pm7cwn6MmMmxVkEWM,100557
rafKN5p8iQsRP13LZXXoV8SCw2b9ugvjy1,100558
r4cS6q2PVQcchTLTkF3jYehondv9sJ6QdW,100559
rGNCoeUNqBzQnEiK2X7EYDzSpJ7PtKQSBb,100560
rJqiMb94hyz41SBTNr2AyPNW8AzELa8nE,100561
rG2bzZ2Q9JcpPeCyqXTQts6jHSYsX21G6a,100562
rM9EyDmjxeukZGT6wfkxncqeM3ABJsro3a,100563
rJNLz3A1qPKfWCtJLPhmMZAfBkutC2Qojm,100564
rsGgsey46BENcq8vMxFkKJG1ptvtTAsgVs,100565
rKZxyrN6QG8zHigceKinzgrq9jVMHv6uGf,100566
rU1bPM4q2rVhC73F7znm7Lt5QnYzZsV35q,100567
rhVcN6Vh8VbwNsuvRN6dXZhbL7TvWtjhpH,100568
rUYkx2mGm1m4wH75cgedu79vshbfDFUWj8,100569
r3rVXDv8HDUBcrckfda9YsnBkX2E62WLyK,100570
rHU6iE3RcZTWvSAkQuFdYVFjRHWtsFNRk7,100571
Ae2tdPwUPEYwFx4dmJheyNPPYXtvHbJLeCaA96o6Y2iiUL18cAt7AizN2zG,100572
Ae2tdPwUPEZ5faoeL9oL2wHadcQo3mJLi68M4eep8wo45BFnk46sMkvCmM9,100573
addr1q8hsff3uwtphx7dtya7unjwjwug52e5jvqp09je6pwqx8k4jvuxrw2x5rr7e258a33yzkrhhlrrc5ezvd2z7qtdq0gasme4,100574
addr1qxtrqdumg8dleqcra3myptlq6n43m8s0mver0pwgqrr8awvkkcdaz26hglgm4qvc6fdy0rr4ck6q5q249drqc4fzyrgq68v,100575
addr1vx7vlgvuupzvvls99penvatpm2c4j9ljscevzsnn3awk8ys6xynxk,100576
addr1v8m0dvk84c7hg6rzul6h9f4998vtaqqrupw778vrw3e4ezqck7n2g,100577
addr1qxdfqunt6cjd03485aqpma6e065kvf2vuxznfu6ex0kjnclrzr27g03klu862usxqsru794d03gzkk8n86ta34n85z0s704,100578
addr1vy0qvhvsvhxc6ejw5vhd97x7kkw7klw6m4zfttypyfyk9ncjc9lk6,100579
addr1q87n2sy2n3k844h98wxt530rr70vhkrg05prkqls60qtpeqq38w20v22ed8lufl5llnz6h3yl0mgcm9h8jsx406t6qssu03,100580
addr1q80y77jjfcdymt38amg3na9w4p4d89ffw66xqsspdwsa2sx7faa9yns6fkhz0mk3r862a2r26w2jja45vppqz6ap64qqfjd,100581
addr1qy88uenysztnswv6u3cssgpamztc25q5wea703rnp50s4qqw0enxfqyh8que4er3pqsrmkyhs4gpganmulz8xrglp2qqq7u,100582
addr1qydpj0spk3jx6n9kchpdtzlgqwq59rzedqy86nk82q7ug8g6rylqrdryd4xtd3wz6k97squpg2x9j6qg048vw5pacswslvr,100583
addr1q90z89xl6qkgt0lpn79svmpmz9evstxy4wfp8wgpyfcgg5j7yw2dl5pvskl7r8utqekrkytjeqkvf2ujzwuszgnss3fq2vm,100584
addr1q8kgcfdpefrnf5570v47manyyg85jshlrg4p2hrsx3wdsplv3sj6rjj8xnffu7etahmxggs0f9p07x32z4w8qdzumqrsquz,100585
addr1qy86sf5xrzcpg2ncddkzz6z2ca2m59qsnu4qxar08g9rvkg04qngvx9szs48s6mvy95y4364hg2pp8e2qd6x7ws2xevsjx8,100586
addr1qykws5pmwjxktdhlkz0pac3cu2guw6fjys2zaanmdew6xr3vapgrkaydvkm0lvy7rm3r3c53ca5nyfq59mm8kmja5v8qvyg,100587
addr1q99w68ey965dqr3k49pqv5tpcv6dpld5k9jwwtlc8hy0jfpm7ggq6ar5fztdpl9mj8jr546lwxlzsh54tyq7d4rmylpsrgm,100588
addr1q97cvdg07sa0npndtjq0n7j4wnv7ntl3xwg5xe7956n32gtm0t45adwtn050g8q4hu9uw7tu22lxsx0zcw7r2d2ynuzs88s,100589
addr1qx0646pjvckqssfekyc6s5hu3mg562srexwmhn773fxgz6we9yepvt4av9chshcz8fe684kxme5793c6sksx00nlsm6qqjh,100590
addr1qykswuxl2xd9xkv7a73zcqnvg5paud3g25c54e93j7wxs5vxvvrc0an876y89s8p3nr9t2w4349mq2ca8r2v88cgr50shsc,100591
addr1qy5rj83wprkrjd2yas7hlmqlg3m2pvmmcan4z5ggpj4g0av6kug05k3ruh2udlpl366ly26m5d3kpetf7nyc5m30xsksk6n,100592
addr1qy53w3gnkq55rrxpwpqtdr04t57jw8etnaj8x6re3hajcwzm0c2ums6c4hnw2whm9lm6weg3nkank6cdg3mg9n6zm2lse5z,100593
addr1q80yv5gy77j7d9wuh8w0lesd7xrrgwg6dtdt7z4jpz0spvyafgvr0khm9xu3y3tfw8ry2vkn249qmsl5jsa3v0wnmzkqyka,100594
addr1q95kgk6h9t32cwkmk29ppnxtzrqey39e2e5kaw9vauqrg8t42at89c4ngpjse3puxqrvwcvdj2mcudzlhfrmd044z0xqs5j,100595
addr1qy7nlfwaw3jsfftcnewgqg27dwa08uqeamjhs29tr5rgszun8netpzv3gpj5enhz36nhnw2jjfknfya64nwhgfw6ze2qhvj,100596
addr1qx0d0yfxf08rxk60ume4c8teyxkc3rymuqfmj43tec0my93x6tphe0x37s38d060avq8pjavnehx8nfzdeca0dvh37lq0vj,100597
addr1qyjw96lau2s8q2ea5uqs7ksygs52vlyjxpxyecaxsqdl3z3yut4lmc4qwq4nmfcppadqg3pg5e7fyvzvfn36dqqmlz9qqdp,100598
addr1qxc0pfnecz4yuxwxr7e29d8tsx3hwu67nuvttkd2f2nnhz4s7zn8ns92fcvuv8aj526whqdrwae4a8cckhv65j488w9qa8p,100599
addr1q9mru9cfa9zuegnn06yutyr5ksvja7zr6898sjzvc22aq4rk8ctsn629ej38xl5fckg8fdqe9muy85w20pyyes546p2q9mp,100600
addr1qydvz4treq0gzg5ad9lsqa0j2jz8627j7tzr54yn5guzv409frlvyagke2z70mh4eexu8yyxczynmqwvyd3jznrwcxnqs92,100601
addr1qxp34afwwxps4nrmp9tzlm6qq84n6kpr2v6uw34cn2u2knjaxq26qr7f64srl45u506sctx6j6e4a680w0jyfkvvzx4qe8s,100602
addr1q9cp9wjw9nh6qwakk53mydajejy9c5fdpcgptnx6ygvp65k383hny7llhpu83ffz75ygcyrau4xjx3upxu6psj9qytdq32j,100603
addr1q96h6qk6ylksaxtwj42l7e5hg80jptjydudzc3k32y0phh7xcf2arhgu6yjtmdaschg55spxza0zxa3t37ze70wwmz4q36j,100604
addr1q9z3t70nr8jzd8wrm9nrwmhsasw39gny3q2lewh0yx8twpna3e2rewna03acgegsds7w9aktrv52s7lwf6rvrl32fzeq7fq,100605
addr1q9s7pyhdsxaykm3v64z0rmc6jn52adshcm8s9gjzdfm3zyk7wwuec6mu6rzxd77c2v3xsw8r9glp4g3nrlrycs6ttdjq9l7,100606
addr1q83dxef54j3q0ejk8zpwl85gd84v59fykqqjpnkx55aqq88u067g4gewy9mv3wcqn7fnc4ht449h8ut553nu0agmw05q08d,100607
addr1qxw8vr5nzkdvlem39aprqv6l9jll68n8crj04gpqy9d5qr4k85yxzdmumlm7mluz4mkw3dkrfl2sjhvsvw073mdhczasykv,100608
addr1qxlhmpqgg3y2k2kxlly6qx3yjfrpwk7t332pjcgezxwp33580nadn525nl3urz2kplh603qghp9uvg6f2snxvnyjk4tqvsv,100609
addr1qyq2n3849vf94f6kdrtx47jqgsee7wakg3hwrurhcdvqcn5h6sh3ptdv6sqsakc8ndfr9ztlm8f9qjznwfhe8s2rurcq63h,100610
addr1qxz40790gvpy0apv0xzxgxkknu0eau6gfhfq0mjgxxxulmtfl3xtarjnlhhq5g4h2qwj6ss3xalzvqr9lmxajexaw0xq3jq,100611
addr1q80ap0vpn2mdfa733ks7n6pm9k43f9zhhjtg2axp8av4q5y8htj3rrclnq57qs64x6gw889ze2v048mazzquc4kcfxgqprq,100612
addr1q8lz5ll24a82t2vdjttqellsnn8suzdhypj78tpehd5wgqu7hxxz0jleyv0nwj35386s2d8p6n4whr3qvgh8pprt6mms7p7,100613
addr1q9huafz7ut26e5zfsmeshc39wgnualmsk87zyplxaj7du47p0kr5a0s3r4ffzsu0m70a2z6kzr8rajfw8h5wtrtpmcfsj3j,100614
addr1q8h8gzgfc3357sj7yk3mf3jjxs054hccmye7f3qn2g4gykmn2cjmsqee7mutvjeqk338gl5tne9mxxt9635u99y24jtqnp8,100615
addr1qxs6xvuu9t4hecq9tp4muwptly3tftc2df73qxj56mt7ztmk4yq9zep6j0u0f02cpqf0sh4jnu5f6vvu074cz79hg8kqz75,100616
addr1q84ytlwmdjmlqv4fz7amckamw45gnxd5xzypryas7mqx87damhyfskfrgs4wrhvc9cpu6633d5adj9pw7qq6v3qmjkxs5qm,100617
addr1q896ylnjshw95xgt7qytnc7p8dfzvla7kdp2zqvwskdvdxqjsrg44we6lfsyxreqf29mpmjswkq8l4nsglkrqtkqngyql4u,100618
addr1qx2d2mpywwzrthzkz4jg96g8ylyar933u6288qwscy85p6lw9kwjkyt8m9te2p7fm77kts77faqjr2ktcs7q24qeta0scm5,100619
addr1qyc2fkacfc9pxsrjxmmt8a6ffznqcm8l647kgta92tm9vtzfda0cayqx694l74wygszhwnkzwp5qy8mkrmzkqrgn4z7szjz,100620
addr1qya6u3g0zmt9kj7tthu27zfe4sep2kuhn6ltg8t76tl4kzrkfrd5qulhdj5u5endruxx8wkhl0djxlrcze4f54d38s0sw7f,100621
addr1qy52qedpy3cvn9kr8yp8djdzqcq8kgxu4wtgkex4c5cwc0sttj686ydr7wzfzyjqrpvmfx9ge73nfetcakjzus9nxwls454,100622
addr1q98myapgn7rv7k34pxdn7xcz8kqqul62dvg5w3zsdncppls9qfxke7sv0lan3mmfwjuvnyhfhs45cm2x49ccuk8em22s5q4,100623
addr1qxyfhl68khv4e0h04taa2e79prezlr94wnan08zjhqnggjexnawmk0knde7uhq9jatqswemsa7929kvlcprqhpl23adq89q,100624
addr1qxrehexkv5lfxcgq8zd373w8yt6jz72vf2dk6ywnsszp3ka6zttulfrwrp6zdfex2h7zde3j7r8807qst6jav6c55jyqnmz,100625
addr1qxaeuszev0nxn7ayfl5drns2rx2smp5gq4l3f4h06vv2m7x3myzp6hwwx2ynrxyg9yjy2v45lvfrr8g7v7uet0vx9f5skfd,100626
addr1qyxt9q3mlfy4l0jkr2vynzv4a4c75zmk6luk6lc4ehdq5edexh3k8kznmelkczm344arw7tjsrmy4zk4zqnhydqjl6ssykp,100627
addr1qyq728ffmfn7hcnqrnmrm63alwhltdaxtc2m4azr4v7l2qvxv5qxw8df26te86r65xmupzlmf25zkphdkttkkhlmrexsjcz,100628
addr1qyuhvndpwcq80numezjw5njlgnc4vdf4w5egmdqwgap055asa9m5nefty3wayclfe37krqk4yvrjtlnch2jg6e38f66se5y,100629
addr1qywelvva97dcq282cyvtclq36aqkwjdkg5uqmk9khs5tlr8csxt0jv5p92egnj0dgxervd3q5awxzn4ekj4zuhzuvf7saka,100630
addr1qxxntfxjmznty9llwmgrl3z4maffgvsrz27txnf97zfaeyn2anevdeqwhf76tm4qwt2nkq3rfmdydd3gudhfsma0lz6qgca,100631
addr1qxfykq9mh2uarpazn0c2u33ugqjf8phvh3ezgmykum0f02e0mkgqh8p7wy294hftyrjpz8e4r04yzaz9k874wd7v0ajsdq8,100632
addr1q8xhsq6aa7c89xg2jsvjlumy774e3zu7cfpzga2qpr763ht0yvmfwkx4pjtgrx2s0z8plnx3fe45t2l9lfj7ezpx5rcqdh5,100633
addr1q9gzspjsauta0fj8xkj7wnv06xrdfrekgnp63mn8gkgtlfdgk3n5e0ej73amtee0wxp670jc4pm72f6ufpqjv45qnkgq2z8,100634
addr1qx3yk6cww3dwtvj6hen68l6yp4y9rarczmcs46s5lwjs0zh95jrzy5dl5xdcalngwdgd36fgfes7r4qt7xjje7cajr8sknk,100635
addr1qyhtpjru4wcgz637lytdcrd9vegdmjxp52zz47e44vgygcmz7eyx0949yuy5afx292ynzqjxq5tdvuzr8f8xr95tmx3qyjh,100636
addr1qym62hzlv0g5m6e46td424kl7ar47eevjmswfqk3vedk3au5dkerq5n3mcucmnvcql6yu6jdkyrqv9zy5gf6g79flsjqgex,100637
addr1qxyzwtyr0q7qc3d7pvxhqaqz7g5mx2u9qzrxl6uwcw3k4wspvjdhs60jrajjcxd6ktm7pawdr5m5t66nwlspx8epqs6stzk,100638
addr1q8seggxylks4w44p27ztwjpw4yw0lnyd4ukjyp9sygyy7cf3m8sqx8942u5djv0jrwc620k2agtmnyv0sxfqcutzdz2s5jt,100639
addr1qypk2d5sr3k9x2lvg8c7m25e5gt3cgdxwlpvmqdrnsfq4tt0xpl5px86nxf076sh0xwk288flxvemclrerw3v62euk4qaev,100640
addr1qyu8tveew24egm7pyau066vcvgu5mynl7gnlntz5w5rlcd7ntwxgljwm6w8sgujah8tq57y7fn9j3ctg6vd7glxluqasrq9,100641
addr1qxlv686dte28w5nd37pczjlla8l6nn0znyujkxx4n6mfcsnt00qd4vev9z20829f577qg6877s3f2j36gaacujtzr3lqhkj,100642
addr1q9jcqrsau5umcz42f9adncnpa7p8yrlzl9jtghwmlar9tzyzltrqfn7hvl0xzuqyt9v9nsaz2ckfjkn9ksqegjvtrazsu0y,100643
addr1q9c7pnhsfugkq8cvvlwhpzkvtv8acf3gz8dar35m7gyjpp9ml7x2qhz8ys796w75ynhs9jsh3965dgy7e8xgsyla0pzs9un,100644
addr1qy98xxuf80prg9vc4nxt3zw4kef039zfzw46w8knkc5rmfvd0lzn94hcjjyl69x22utmemwjva3w9ygnxads2vm80k3qwz8,100645
addr1qyueg42kc2y745d9cutpjyxpctpk24f7hcy8jcdxtn4tf85veau3una25ssn4yk63tgjvav76hw8d2z7t9056e0yd3hqkjm,100646
addr1q8qrudxzlylssej56hqeuuwafjy3nejxdjkml66r80cl9f5vr84yuz78z0c94eyqyeqqyept6rxn8dmg4xxdklnyh26q0ks,100647
addr1q8rhzk65hy9vtpcc974qt7jfljlyc4l3mh3msdwpu5qcdgzf0xa6aqq0vl02yd9h45zde8jw65y6222np85qey4hkvrs6tr,100648
addr1q9x85rxnlfp9t706qrdu7gyr5ga5qq37dlvfrxlp0u6j3q48qg54shfexae05p2wjuh083zs9dedze6yygqeha9t8juqd5j,100649
addr1qx3nkclx44sw83zgg5uq8anctrsn2c7pn6s2fvnenwvp46jcrluawcsjfm763m3dl9h9tg8nr6zgtvhlsny9c3svaw7sser,100650
addr1q9pr26na2y29pfaycsjhmfkqj67p9pr7ncx3enmflhma9mf29ep4vufgrfautjhy9r3fx029wss5f9nk6f9dfasamp6qj0q,100651
addr1q8hqvjv4t6paw5ds0604wusgxnqu6z60h9d6m0zp9s7sh4y9r4uamrgqrdu6u33n0hpu52ry3ngryuym0l9tynk7z62sl62,100652
addr1qxkr3xlfma4rr9llas3yxhgghys0g58c28s0l4p907tsur5jf7kt2qqk0a8eqxrsn9aj4nmhhrxnf465sc3kpcdavkqsgh6,100653
addr1q8p2d88ezqgph0zwffnazg3gjlvujmad9l4fpqn03q8lj04y8ce25xfg47gprtgfffc0qm30c28696njewzp5wz206gskpr,100654
addr1q827kvwpexz2qmjwzt87tl7f9j33wt7gv55rgugvc6v0pjd8cg787ddhex6uv52ars0qu5zue0w9j84u25t2akv6ns7qr48,100655
addr1q8uzndusvhg5aqakjl72q7gk5dwtnnjmmua2rjt0cydpvp0tcqg0gqrplxtm226keakxyyz74t5eaq439ugry8fff76quqm,100656
addr1q9hfr8847sxsrjlerra8xsl8zuzxe4l6kly8tgyc6hxgt4trp760r5x3xw0ask9flhz5rkl5a84dqnan6ytemu8ygres5a8,100657
addr1qyq55kwwy05xdcq6904yncakm6uvsflcgjs20t2h5cewus2ccqed4jpe8undglvwcskcdr6gk4vqksukq6pscrxv4uksguk,100658
addr1q8g5fcnv9mzs6cpg49jz702zfwrgtggmqlphlv7nhnzvstzrfuulytwv7msxdulnuutnm9e2q343fe8wgumk0ans7k3qje5,100659
addr1q85et8nnnq3dmzrz43cseemnq88ndcerngh4h8zz5uv6z439sana7qv3mxl7nfwa7vtxqlm93z6etsg2fkkxpw0xcv4q5uc,100660
addr1q9n4h44yl59l6uttnsg6ska5zcjmf2p669sk2dev4sxtn4s7wtadxf28xwrsyv004kr0yj2v23nl2gep6830maskh7jqqmx,100661
addr1q8jaqy2sesvygyacghh9wcxf5k9huxqup6dm5c9rlhcgj80fq5paygvn87uf5n5cuqhl8zxt8gu6ulg6dvypyte065qsunz,100662
addr1q83l8y35078yprvpvuwfuq3gk6gq48jsrcngf243mrz497yhzmmz9sewlupxjpschh8tdeg7yeylw9at0886gekg3n4quwz,100663
addr1qxpdw2zxxhu0xgkav63765ns3yzfxg4vcdn3es3t8re6eedp0eejr90mjuma3wwhwt5967nyl5k2r79yfh9x8r0rvlas5e0,100664
addr1vyuf5parrp0ws2534q8k7kxe8sy54d7sfz9x39n4swzt5lchztamx,100665
addr1q9xvgr4ehvu5k5tmaly7ugpnvekpqvnxj8xy50pa7kyetlnhel389pa4rnq6fmkzwsaynmw0mnldhlmchn2sfd589fgsz9d,100666
addr1q8gpvtcd3evxaxfa6ucdmkj0343nchrtxfrq59uedmkee4r5zfx4nhp99l4veyp4hu042c9tw8c8lp6yxm2ksr9xkgjqnq6,100667
addr1q8c3fqmt9rspphlcv47x9weq6tkvhphy78ryfdqnya8n7udelcg7wc84acglz5csqedvzfq9wzlygqfq05g8hzk34xys8lt,100668
addr1q9spqdld7lyg3uyfjr2dnrvrwnhyxp2y6uh8ee9899ua0kjpysy7crumw0sehyy6vc4rtxwqj82sc6ed36q3w9znthgspr4,100669
addr1qxnugy88wsuaxepw9j4kf0hyjl707t8pq8qyqa9hcnha3yyhhpjfrgjwy07y7gtgfgra8d9sh4j297yduy50pcx5d3eqp43,100670
addr1q9tgqw6knq0n7wfdk7z758hp396crg98wkat739rjk0gdtu6xt5n9amqqg87ncny6lg3ke97dg3jz4lzup5s23y4g59qej4,100671
0x5e3ef299fddf15eaa0432e6e66473ace8c13d908,100672
0x401f6c983ea34274ec46f84d70b31c151321188b,100673
0xcd6507d87f605f5e95c12f7c4b1fc3279dc944ab,100674
0xb316fa9fa91700d7084d377bfdc81eb9f232f5ff,100675
0xcbfe11b78c2e6cb25c6eda2c6ff46cd4755c8fca,100676
0x50d669f43b484166680ecc3670e4766cdb0945ce,100677
0xb72b8c812376b5f8436d6854d41646a88aa88422,100678
0x4c569c1e541a19132ac893748e0ad54c7c989ff4,100679
0xf1b3284fa0791f4d1bd2a5ffd3613665ac3ad1da,100680
0xa83b11093c858c86321fbc4c20fe82cdbd58e09e,100681
0x3b7bb88db769923dc2ee1e9e6a83c00a74c407d2,100682
0xa0bfa6708bb724d47e61a0fe6953034cac960a4e,100683
0x2f7e209e0f5f645c7612d7610193fe268f118b28,100684
0x40730f34668afcb3884f050cbc3d376a444bbe44,100685
0x13eed87d1d7b789edeb5165c487bbf3b64f38082,100686
0x7073783eee7e9b3e6e4ddac4d7f49dc46044dd9a,100687
0x68bede1d0bc6be6d215f8f8ee4ee8f9fab97fe7a,100688
0xa96a3d23a5749d438af9131df2e0eee41b5dd53d,100689
0xfc644bab9ba488baa470139bb659dbacc087dc0d,100690
0x14363a8afeada7bbac85c4a7cacfd64d3fae7c20,100691
0x809303c2c1a34ed9301a62f8fcc30ded73bf8a94,100692
0xdeeddf2d1bcb7c73046f6eac5d719e991c6b1982,100693
0xf53c0725cfd4ef6dc7eedf6afbf3fbb6f106dd6d,100694
0xc04e338a44c1f8b085161123151554d9a7eaadad,100695
0x3f08f17973ab4124c73200135e2b675ab2d263d9,100696
0x3744da57184575064838bbc87a0fc791f5e39ea2,100697
0xf02e86d9e0efd57ad034faf52201b79917fe0713,100698
0x9b0c45d46d386cedd98873168c36efd0dcba8d46,100699
0x27fd43babfbe83a81d14665b1a6fb8030a60c9b4,100700
0xe523fc253bcdea8373e030ee66e00c6864776d70,100701
0x0305c18771cd11b36dcfa610bcc8837f814746f1,100702
0x57f1ad8d95ebd0ab51e7ab131d2fab89a15de3b1,100703
0x21a31ee1afc51d94c2efccaa2092ad1028285549,100704
0xdfd5293d8e347dfe59e90efd55b2956a1343963d,100705
0x0f8883e5f299f921028a8e7cef3ecbe0aeeb1bb7,100706
0x290a6a7460b308ee3f19023d2d00de604bcf5b42,100707
0xb8e6d31e7b212b2b7250ee9c26c56cebbfbe6b23,100708
0x46ce00ec0866e7a045d2f2778558efee05c4fb08,100709
0xfd162fa671d965719924e0eb047a248810f21451,100710
0xfebf45f12ada471b7afc6c27ff46c947c22d0a51,100711
0xb334b6c04d341faace597b6ba1e84fe78bda503b,100712
0x7574c82481adfd10a85980c0d518504bd839613c,100713
0xa61118f9c41131917950a2edb4ba3fc20990c41e,100714
0x5fcf1cae2f9b9f294553ffc54df4093ae18f2467,100715
0x2bb5d27ab6c0fe540a85f2603a64e8ecd21e26f6,100716
0x5a52e96bacdabb82fd05763e25335261b270efcb,100717
0x2efb50e952580f4ff32d8d2122853432bbf2e204,100718
0xb813a9ee3aa5dedf6e8e98d970a30fc3771e58e4,100719
0x10faa92edcd6ceb79ad2dc52356297a426c40abb,100720
0x9cda61edf2dc87346a141c3972c4ae49b221f5a3,100721
0x1421ee41b8ffdb909a08498506044644b7b25e95,100722
0x38dc28841f3e09ba058ef09c3e7ccf6c8aaa51c0,100723
0x43355a7a1afd41ba2004dde8c389e771a5684527,100724
0xeb428a4443fc1bdc550b546367d3cfeb5c688add,100725
0xaad7d510129e8d4003ebcb5d36ef27ddbe125033,100726
0x7a8a1cd0dc9d9a5c6a931a260c3320add159807e,100727
0x99b393ef15e29b5bc52d219714161b8c0b5b1f00,100728
0x98a6dec1f762eac1ced1b934c31dc18c38e71673,100729
0x836f1e95927f8acb3e8cbe9fd9e5f300c5e7078d,100730
0xde8a35e0e8859ced282103fd15d8dd72fd6bb862,100731
0xc19c11a4ecbad91b5a1748a0a3a21a8fd9309ac4,100732
0x4907b657984dc26c997e44e503ef2036d6e6768b,100733
0xd9c788f82d8c4c052e582799c353ebe1e7c1363d,100734
0x089971172541530c7f8780b578b0b4eba4db1d05,100735
0xffa5251081ae5c0dee3602cadf989878c8452abe,100736
0xdd268676c4ee69059e76f9ebb36d92b9cd18e2cb,100737
0x1616f1c00cb375e0691477836a843d278901bd2a,100738
0x96117a3bbf5c4d424c2fbbc42efdc8d64af53626,100739
0x64278d16aa42481674fdd764713d38edf92d6afa,100740
0xbee369193e405e44de642425a89a8b76b8fa03ad,100741
0x3b498f2e5b78dd497c2008bc67097749e673b4b5,100742
0x3b38bed44c2d38407177c99b2f5e0d96c5d9ff01,100743
0xedf0df63e6fff5fa738b51eb26cb607af3b5970c,100744
0xed680f7bd36990ed2be8e37eb2ded5c72ea14634,100745
0x31591d6fb69c7042c203f26f9a6d042c8fdce6d2,100746
0x9c44915c38f63959522c867588fb7bcec38413ae,100747
0x1015fc935a11de3ed3e17aff34b92ebf425b2d67,100748
0xc771433a596f33ff0c48f1ba3b52dfed79c45f63,100749
0xbf4f84fd61e45ed37b01f6b6a2f9c9b387efe370,100750
0x0b29f7f7cf34d2e1f4732a4e3592d375aec6c4c2,100751
0xac7beb028893727f4a10acc59ff811af1b4a78d4,100752
0xdb100ee7bd3a25a3b037937fcc464b85c849c7df,100753
0xebf4dc6672823eb001a0a5b0c3bab31b4fa07bfa,100754
0xade5744ed28be001a78e1f928b1172cdbf82ecd7,100755
0x46f80018211d5cbbc988e853a8683501fca4ee9b,100756
0x742d35cc6634c0532925a3b844bc454e4438f44e,100757
0x50f40d6fed3bab7cb6c650e795a02ad753f313f5,100758
0xa8db69079085cbfdb3732158c0ef6cf23f86e13e,100759
0xda8913e5f8402a5cdc74dae6cb63243050b7dcd7,100760
0xc69c390d9ce4f86b43953f24c03c098d26c1a543,100761
0xdb72923d5d53990bcaffb2b32300a6598d8608cd,100762
0xccf39450f8cccc0fc5c07d56cc37089f38708860,100763
0x000000000000000000000000000000000000dead,100764
DPDLBAe3RGQ2GiPxDzhgjcmpZCZD8cSBgZ,100765
D8ZEVbgf4yPs3MK8dMJJ7PpSyBKsbd66TX,100766
DE5opaXjFgDhFBqL6tBDxTAQ56zkX6EToX,100767
DDTtqnuZ5kfRT5qh2c7sNtqrJmV3iXYdGG,100768
DDuXGMFNGpGjaAqyDunSMvceMBruc1wwKF,100769
DDCRBABw7b1U7gSmgstb5SHWRS7gTqRWBc,100770
DDogepartyxxxxxxxxxxxxxxxxxxw1dfzr,100771
DMuFDCTwxdqzfWrCEE7HiMxBonKVU49Fz4,100772
D94wYp1bGAP61Q4ytp8iau4fWEWaNTbCvm,100773
DETAr8TofsDQM6UduNYCjNfknai1HnWcLn,100774
DLCDJhnh6aGotar6b182jpzbNEyXb3C361,100775
DHQsfy66JsYSnwjCABFN6NNqW4kHQe63oU,100776
D9a1Ah7mUNAJwNqHPER4DN9zNLoqcYFDZW,100777
D8WhgsmFUkf4imvsrwYjdhXL45LPz3bS1S,100778
DGmzv39riELTuigZCUD6sWoHEHPdSbxdUB,100779
D6LKpBFJaf6moGenC39eXEjzAqLzYiTfdz,100780
DFGAacQ6WtPxfQuf1Rz84f9YWsX3xUvPtf,100781
DJVeRemZM842GmvT6WR3PzVkqhqCEUGsDH,100782
DJfU2p6woQ9GiBdiXsWZWJnJ9uDdZfSSNC,100783
D9FV7Ka27RVzS9NPBx3H57TUVi1hb4QS64,100784
DAfxBouDQ28VQS2cSSGvKb2kJ3D1Tf2M51,100785
D6xiMfjQNdcGe9aVXCCUk2PyzWCxfnZww9,100786
D62u6u8D2ndTbzYCE4M5HuNYJ9qojqFXTY,100787
DHFu8WjwXzHVy9pknMrxdQpePFir2FmiuG,100788
DJtqonMkvsVr8rVr4Pdf5zYfZrnaLSdnwi,100789
DBpNLLEj13LWr14wm1YH24nuqAjodrjaLL,100790
DPEzPFx1YAg2AndcYXD9ouPiNT5izSgeHL,100791
A4EpubgdSdBi8VEZCzdW5HtzQWneJoU9q2,100792
D9GqmkGCpgtnXP7xMD78v9xfqeDkqBZBMT,100793
A8c3xNz2mqsDLFwv5KL5fpH12QEwDaoTXo,100794
DPVK3LKHcCarNnh1aU46aGy2tCZ7iiQat3,100795
9rV1NWsqaVMAncpAbSrQkdTyxzSVokxvnn,100796
DEAWXsx1Ge925D7gn2wC3scwDXLf2svd7T,100797
DEpFaVzjmQVYh4RWiCDSwnc6XyvQaxuyr8,100798
AAAuy82AXsmzfbo4ixdLgkws4RR8C2iUGA,100799
DD18AYERHStZRCvY5gPugKaTXokyVcTFbz,100800
DPAMdZsSirVBGeDR9sE1LJXkwG6AQSNAMW,100801
D7vrVREYM4H9Vbtoqi6mxsmzsuVjE6PDet,100802
D6Zzq6TDgLMyrEBNrddXU87fEBHHUhXgj4,100803
DRPBGXTVA92baheG478Ti41iDdaPvToHzB,100804
DAYthKnkrWUHRENvtBwjemi6kFzk4K9SMr,100805
D78RSZmmfSXUAgFivtg5Ld5NMChVeDyWx8,100806
DGf7a1UXruciKiKWvW9cFVoERQtAxg6jga,100807
DS5AqfyypSTA4eE2WYnNhgmQgG7rEH8par,100808
DQHqNvgsikHvkE8YrCsL6d1pxZ7DR5s2HW,100809
D9hWmUtULU66hEHT4M96okBStq2UTg97tk,100810
DLHmTF5M7A5qwdJTm4tKLDkhxDLYYnMSD5,100811
DR3nbq283Dky1SQmQqZbSBjVa7MveG4LZc,100812
DD3hMaGorKCfkorNgSssbU7q2rBzoowFui,100813
D8znPD1n3F7KoV9pTBAzyUuEmKG65GG9ab,100814
D5ogDfbt9JznUC7xwBKXHPzosAmWnywuCJ,100815
DQFoGSJspF6M2rAHShe7tmMEtTnodFSKHW,100816
DCxFJEWsYJFnC3HP7YfZdsd3X43ttQA79Z,100817
DGWXvRUZZZJADcft2NH7yCmxJXXsGgjVHh,100818
DN5Hp2kCkvCsdwr5SPmwHpiJgjKnC5wcT7,100819
D5yVYrobXFZLCPdCYVf9ndJ1aUvjhsyazg,100820
DCTpBbA5HUgcf39219AWtZuf76pNxM1m4e,100821
DLZxgWfMASwbqtRFtLy6rVEAjTzMcSguJe,100822
DFGBxpZncATmjHgKgt527yAPJxAWP6LFWC,100823
DFBx6m9YHYFHgrmYXmTh1YQTaZv7Z3Zd8x,100824
DSS3QiBvezK8rZSS7GzDf9qyWHEdr8t2b8,100825
D8ejNRKfFaVoSGz9ubLSYKNvRi55EDSQVH,100826
DD1h9ojoyAdAGLXaqgqZP3j86AtxZs6jCn,100827
DR2SpAVZPwJDVxJgTkJvGej3HC5aLBhQBM,100828
DEHiiX3YuFKzRFbXQLgJ6wtqgmAUN8EZaG,100829
DSVE8hQgj8XmkH5ixLJ23utaUHzRZY6MRF,100830
D7J8gJgs79VsFYkL37c1vA3vdUNhvKVLdG,100831
DMLEL9XKGQVRkuqjJPU5LhggsDhjVzXcjR,100832
DEN9enVfqSNXRz5guvEzpvQeKEx82XbJyu,100833
DTvyLwTbN2KxcGS5JYPGE2TD98Ap3MVERS,100834
DTVQd2jrTzhq2Qth2vpKubzUeHGpRSCBjv,100835
D79tQ1VkKn9v2BekHShAZSq2m8XtUA8VEP,100836
DLz791TVxUZyA2pBv3dhN9LD9Smwk9wJDL,100837
DMoonzxadHZJmgP6cCRvFZvec8wJb67j38,100838
DDz1H7AcqPgmKzFEP3pBHW5b1GWuWEoAAP,100839
DHKM6NDUUv9kaHAGi1QU7MRBNKfQiAdP3F,100840
DPPgfELC94eZuWBfXAQtMJTabpVuF33sY5,100841
DDZXwcWjK3RnMzNGMZkgVeJYX4uY8t8K36,100842
A6RVrq2W5x9UawVE48U6Umz7H2BNfEdub1,100843
DQ8KqJ4nQg4g2Qof2BsMj6HVau5N1iXLKX,100844
DMoonjyH1aHLZc1kksmikBUhjXromn1ZN4,100845
9vtKkZ2iRxsMa6T78uJNvzTxwWk1nQgGVv,100846
DU6Sg74RsxB6Tu6utAHf389EdQChUptWaK,100847
D5t2UtLpeyqiBsjPwSRYrEYiPj26NgXAv6,100848
DTJgZkCy5dzMUdj211VtSsoJkXUJPzNdDG,100849
DN4VDmvdusJtL66evr1oXgmvHi37cCJDWh,100850
DA712xiAgXzdrLWAKGHM54cPJu172kufb2,100851
AFToAdq2tENq8Z46eTvKsce6Edws3v17P7,100852
DCpDX7tpS1wWqtvwoA5v1DF8ziyoXuNZnn,100853
DE1ekWYKnnTRn9vctx4UDgPZczW5RdAb3S,100854
DMaZRV7XEGHkHMrss9PYUDA1Pys7qvsWUp,100855
DU6obGrwz2GjX1NiXRP3oJQC6aJvq7VvA1,100856
DGd3L4CwsVffwFfVatE2Ao1kzaELxrWjY4,100857
D9s1g4DfpUY6tGsqm9kUr2eZp3NkZPxFqB,100858
D8Te13YAWMV47VCrQ7XF71Ahsq5TbDYgsj,100859
DBkC2iofamN8xVM3iKCotJRC8mxNKhRMCz,100860
DJZZkDAvBTJmpPYMbVGmBdFjipe7We2CXh,100861
DTsBpxfR9otQTRJEXc7dW4HmuNVgutc6fW,100862
DJcrNhWng8X9B7bfpp8vZqUibcmDk1XPV3,100863
DC9jn1MvEVwx84qzzF3rYgg6gf1ojNHUqM,100864
0xff1ee8604f9ec9c3bb292633bb939321ae861b30,100865
0x6cc5f688a315f3dc28a7781717a9a798a59fda7b,100866
0x2c8fbb630289363ac80705a1a61273f76fd5a161,100867
0x8befd5fe1a27ff1bf34e1a67b3c9fe9d58ec66d2,100868
0x3dd223968c2acb1071dfb327cc0065a5fa4d4b15,100869
0xc0bfd9d655300b198936d8ffbe036c4322c49c9e,100870
0x97f991971a37d4ca58064e6a98fc563f03a71e5c,100871
0xe45e12b44fca87e42dbc63a67bf5aa8ab800f459,100872
0x1c4b70a3968436b9a0a9cf5205c787eb81bb558c,100873
0x7b39a0c04679abfad8db41c5105b07b6be4b97d3,100874
0x5de9104632120483d8981c2a017200072927a087,100875
0x22af26fe0f316b175777475e796e60a06d16c679,100876
0xd1985bc3625e23b0126581cc54ad10923d3c564e,100877
0xe41362845db1210853429675db3df322d6855656,100878
0x72a8825df1e2b25d4dea5ebe4c5e66fb44fff567,100879
0x0342728f7967bae130a0d63e9605babb01125b99,100880
0x966c94085b437ebc36dfb4e986139a904a0c7f76,100881
0x17f31062fa3a47d3f421d556417a5f2c71b930cd,100882
0xe3995e2f3f5da7401dab4252d35f8d4baf3ebccc,100883
0x59444f6a846e877e982734bde8cf20d31a82dda2,100884
0x955b04659a0183d5be65c59440041bdfa9882520,100885
0x1ad459444df0b0ab82d873b8992a446f876ecaca,100886
0x4c8f4f2fe9f1bd85685979fd40c01b31fe9c036c,100887
0x58af28a88ca3b2931575b4c3120dffd33e7ec7b7,100888
0x8514e86ae2a02a939f05abbcbe2ddaee6ae25f2b,100889
0xc99f381d2639e6565950819448061e0488a7d0ad,100890
0x4734776ae3e8e6ae6257a73d3313ca43a49dc56c,100891
0x1dcb80b191e10493988582b6e54be987fe7a7a30,100892
0x11d5091c71c2f7251378ed2f84e8cc98d3bda81a,100893
0x4302b5538b4f8b64967e2a5b6d75266affffb656,100894
0xda2adbbd4d7719cb5468fc823da70f580d436672,100895
0x3a798f53e4d45667b2357c10d0561101314b0787,100896
0x067ebbb33364126d2225704ff385575a0091eec7,100897
0x935098e48c4628bb212304d555879f4c1f1bd4ef,100898
0x3a8bea2fab9faadfaab041c6257b84aa7981b82c,100899
0x6de5c4065c76ace6601ee482a200387c173d6da9,100900
0x0150fbd2f69731fd6eaf22d5d55a99ba9183822e,100901
0xd775cf66bd9ae3d51fdcbf5309d65637d7642da5,100902
0x63522377fbdc8f303443a3a6b7eee2d4ba4b5831,100903
0x7bbdde5eeb36301eded3d2e2e2227cb1f89b6a95,100904
0xbc70703edc4baa3fe48bf6b6d8107b07e5c68e01,100905
0xb0da9f3ca6573cc40eb69743eba5b9cc1b8a9ad3,100906
0xe83654fd5868a4d685745321e50d339ebde5d4b6,100907
0xa1cbd42071cbf7fb9a38bd6ea49b63452e1d86ee,100908
0xe86a0cf50318d7286df8e1da0d8cc7dd85a5fcda,100909
0x03e5b76374b3c8fb9e6a224ca589d1881d3b66b1,100910
0x747547183449b4780e2fb209ae12089576383b5b,100911
0xc6f1d3ef95cd6543e7a4c5dcd9eca47683be7556,100912
0xdb18d393cefdfdec9ee8c7faf37da3581b327b4a,100913
0x0b2011c770030e36de2d434b11cd0938c47a5334,100914
0x6a7ba18fe1ece263d84e0bbd4aed3200d47cd42e,100915
0x860771007352fec6ff199cf5df65b1ad1959ffc3,100916
0xc2c90e88a302e24666b97abdd654b50ad4c11401,100917
0x030b76ce02a0b55b042c82848824e98a88d95236,100918
0x44810fb4dac8538dad7b85535fae10a9d8d9aa80,100919
0x5cd68f1b85a2b6e94a9d532d715ccabfc251ef03,100920
0xebdf5e8018d4909b2a5f8ea8541bd729625497bc,100921
0x8f37088bd2c3cac592a902d9f3f5eaf7f1ad4a86,100922
0x30aea0e8211b0f03cb91b678c6e55caa973a8d22,100923
0x2cdc30d8d1296319d9b7bd2597240a6452d216cd,100924
0x3c81ae2b0a392ed0cff76f8eb2145c18a217f205,100925
0x724036b5eac9fc3f8579fdcb8adc92a9f33f2819,100926
0x989de9f979959c535aac6f2a1cc91a46aa3c7fdb,100927
0x0eaecdeb3d406206744009e8b7b1620cf97f9728,100928
0xa8b4647e762df6ff2ff4fefd299fda9e337a9294,100929
0x096e24a8b7e9c689e3c194a9e01d292ecdc81c99,100930
0x2bc2d04b47ac27b9f24e8fd0bf5f46eedb4ee53b,100931
0xdc34ae09ce80c44d83bbc47bab114094e12d128f,100932
0x92e9a882c8295615f01da4f9833d1eea4e303ceb,100933
0x0c5a7760c85498f3b53f25f231caabe816e3b117,100934
0xa4e4731f0f0d4e626fb018fbbc8b942818758739,100935
0xc513fc4bddda49d8216e99b4a0c410aa7779ee54,100936
0x17477603a596976172cbc20ff27bc48c170ce31c,100937
0x12e5ac1339f9cd440e83c7accdf41bb6dc9a38d0,100938
0x1beb13451d80b135b78a852ffb430b7e3e850ec8,100939
0x68bbbcc00e3c3079642701a5630df251d8957a95,100940
0x7e067edf41c5b15c0620401ca40a192fd2463aa3,100941
0x21a0db6721d5d60357786ca11bac57fa85624207,100942
0x451f531b74f36cb272c4ca2ea7cb5d88559df527,100943
0xe8e3e9136abaabde36e7d22076df94185c95fddd,100944
0xd87db4126e22ed9ea7f4125d7ea854b9ddbad0c7,100945
0xb4df3b7499bdebab9eea7bda42eaf5eef04fa7bc,100946
0xa34591873fb4fd5102addd108835e484b0724fcd,100947
0x1c27bba96a9b222134749be8e74390ddd3571b5c,100948
0xc499199ca8d4c875753bd8b49b2b9fd8553aed38,100949
0xd743867a7bb0aa7481382683b34058608bc91cba,100950
0x646260793584c3aec07acde1d05ffc4b4d743fc4,100951
0x03889e102d81955985eb01232b974aace90ea065,100952
0x2568cb1416840e00f6ef147a2518d7dfa2946b2f,100953
0xca622ecdfeb95a6619fb887b2cf382903d927e96,100954
0xb501e81ca2f725032a97c5d7744c4c345dc9e552,100955
0x1337aa593adbb8705b6390380b27a505ba59df70,100956
0x526dd3d580a509772d68114bd7713fd9abc52c32,100957
0x50be129f02052283bd88a552c7b9d1d9e9ba55f7,100958
0x43fdcc4c220e231a46a96f3b414b546aff337b8d,100959
0x6f9e0da0873acb4ccf4cc8233002512398df840a,100960
0x6b96f4304ab34d647232c84819db62f808946ce3,100961
0xa221db5660fb19114f735a8884e596c0c4967891,100962
0xc00bce239feafcc83cec6cbfbf5b8e44dfca49f5,100963
0x651050211fc9aa44d027f44f6909b8509aae712e,100964
9WzDXwBbmkg8ZTbNMqUxvQRAyrZzDsGYdLVL9zYtAWWM,100965
7mhcgF1DVsj5iv4CxZDgp51H6MBBwqamsH1KnqXhSRc5,100966
3yFwqXBfZY4jBVUafQ1YEXw189y2dN3V5KQq9uzBDy1E,100967
FWznbcNXWQuHTawe9RxvQ2LdCENssh12dsznf4RiouN5,100968
5MfwpEF6XPBDaBBGsiEviNe8sMeF7DZCdQeC5mdrP1pt,100969
8Tp9fFkZ2KcRBLYDTUNXo98Ez6ojGb6MZEPXfGDdeBzG,100970
5tzFkiKscXHK5ZXCGbXZxdw7gTjjD1mBwuoFbhUvuAi9,100971
95sLqoB3vKrDkVrpi6WtVv3CxbCDRD9WyLLDWffhF3KN,100972
Du3Ysj1wKbxPKkuPPnvzQLQh8oMSVifs3jGZjJWXFmHN,100973
FShDg1UFGKZjciMZZ2KfmabagLh1Ejjhg9G5rbp3ESWK,100974
B6dHu8NEzrwbyrjHSRjFd1FKRdY4PQtyunb7awCKqAYX,100975
39yVrkFPfp6CB2tbeP5MJiBe65uDWAkckkzbKoSnS6hk,100976
5VCwKtCXgCJ6kit5FybXjvriW3xELsFDhYrPSqtJNmcD,100977
9VWD3xbXWtC2aGN1mQcVFwZMRPSjJfknNYq4DqGQ7B8B,100978
DLWPRzPY2bRu97y2BSbh8WehQMcs5knLnuJ8cdYYCRYp,100979
6qgBGeZgPyxdobeHhcNtAqVe927zodpiuoufhwGN8BhP,100980
HVh6wHNBAsG3pq1Bj5oCzRjoWKVogEDHwUHkRz3ekFgt,100981
6brjeZNfSpqjWoo16z1YbywKguAruXZhNz9bJMVZE8pD,100982
4hh5MvsNZJKLoC7YR3yRuY9UoATP1mHKmnJZzpWHK1j4,100983
6MvL8tepoVrFhtK4M7ZtjkmLrMi5MsKmq2hQNG1KspV2,100984
G7vNg68KfbjVLCTc8Uw9JVmaC4ZajpX97ApkToBqvviy,100985
67myoj9uyXjt6sdANo2ePyYhFwRFeZxnJdQXFea2am5h,100986
71YLCDbXp4XiiVocUC9nA6KdGr2YnWpo5Uy2AbhnedaB,100987
Hu6bKLvJgLWJ1Py6L7to13PJpgGgsGxKDg3aonRTTipv,100988
AwTi4fvAYDrdxxQ8EyFbz3AMoHUgbudJ3TYmkvywsbFT,100989
EqWYgpEudTfqbWYRYYk6J7ZVBb6BZAupWacC3YPxjJHg,100990
5z7gxL5u4jCW9D6acu28LEw4RKTiBSG1EmXbtCX7efg2,100991
53unSgGWqEWANcPYRF35B2Bgf8BkszUtcccKiXwGGLyr,100992
i57ExrKB2i4mSgjSuq2xz617mQXmu33WG2WEYypmdvX,100993
2AQdpHJ2JpcEgPiATUXjQxA8QmafFegfQwSLWSprPicm,100994
7TBfkFKLEoZjYAQFQo8WVoEwYuxV43SZ1R3FyekFkDCr,100995
bazxfWH6Vu2FncaSKc3kkgvyCuPwyFpx4ryZPcNiG7x,100996
42brAgAVNzMBP7aaktPvAmBSPEkehnFQejiZc53EpJFd,100997
4xi7F8MdcFHtAv8HpyZwJrmNYzqGTJTLL3GqFtwa2rHd,100998
95Y1rmF9v949An5KpMQrM1vgtGebM1VTaywq52iPvaNj,100999
286MgPzXJ4KHt79epdFLknVKGiT4YkmRxUBvgFCUB2x7,101000
8rjUgPP3AxMUwFPd2p7U7Whqx6LuTszNa3MskLgNcesD,101001
CusjdrXihEA3sLC5X8r4xTT7ZS7nWWNdwyQxRMRQWivk,101002
3BNYZRgkfSkujE9Ws7qD3vD5hX2ECnTDX54Ku9K7v3id,101003
D6M333oLmdhPgNQ5FypXRZExn8YkXRpxyPpo1S98ifx3,101004
BFm4zHkxcV1VF8pYnxsL69wFZ9u9znFh2GRhjpPt5LCJ,101005
7489Uq8yCwqDy4GtY8qf5vq5bccanrkNJSBfMLzLEE8t,101006
CMHYUvTRvUb6Fm7GxCzMrXYr9iWHpa8Pc3PS2wpQTJTE,101007
Di7n7q6bYBiY5VmjeaTJLQut2nQyG3byLAgptephXABn,101008
3JKRSosxLE3uDUu81ed5cQS295BQNJnRZinaX8SxwMDk,101009
EydE6SBrCfpGvmHRvixG1rQryfinF9L7waywu52cGu8Q,101010
Dpyro6mvCngd4DtHF13oPEnNpo4tEhXrDCXVmL21BgKP,101011
5acERZFKKBCKAWh2FVupHBiys4zjZgAnUbfGtgnkWQEP,101012
BY8UbfF2YuxgDqq4MVBwVhVzfB7By34NjGKotwTGZ5cN,101013
2ojv9BAiHUrvsm9gxDe7fJSzbNZSJcxZvf8dqmWGHG8S,101014
58FTXQjVe5TDHECWbyyNqVM7h8ybft38zHToDGBpvVPu,101015
DdFX5aBeiAC5vRwwzLxk5LUXTVELbWbtabhnNPAh2v3C,101016
2HV1BWnJ3d3eSVZrkkL9o1fNdMED9smFQhU1phiCEWFX,101017
AbdxrST5risqoSDB76Yk6cvGJRdrHrGXxUrZ4VxZHGZU,101018
4GC3a1RkRXx5shwGP8pTY6cxXgSWkbfc66vM53a6qSKj,101019
88xTWZMeKfiTgbfEmPLdsUCQcZinwUfk25EBQZ21XMAZ,101020
FxteHmLwG9nk1eL4pjNve3Eub2goGkkz6g6TbvdmW46a,101021
3vxheE5C46XzK4XftziRhwAf8QAfipD7HXXWj25mgkom,101022
D34ugCrALv7CEhaCHQdNkh3aCw9MWajeuTtgJKKo2N5S,101023
Et9mv9nLFjU8bs3zQvj7s2FEarWTeqNkiu4nrja7H6it,101024
6BWhJHzH8kaDQUGVYmWhSDazeHm2hgHxxctiyvyJCN58,101025
6FEVkH17P9y8Q9aCkDdPcMDjvj7SVxrTETaYEm8f51Jy,101026
AC5RDfQFmDS1deWZos921JfqscXdByf8BKHs5ACWjtW2,101027
HafyNyuP7yiVABapMGcwQPG4Wac7P4ouQENXwBpcz1bT,101028
FyJBKcfcEBzGN74uNxZ95GxnCxeuJJujQCELpPv14ZfN,101029
4qN86cKpX8wf2aMfdpcBLp8qKfowVFdqTrkATQ7LRBr7,101030
EDgWotet298P5GEiU4TiFvNha2vtXoTD9UidgM6YAhDz,101031
RBHdGVfDfMjfU6iUfCb1LczMJcQLx7hGnxbzRsoDNvx,101032
STEPNq2UGeGSzCyGVr2nMQAzf8xuejwqebd84wcksCK,101033
hTvwKr1RvQdPS5xiWfXM2UZYuF55Ei8zzsuB7e58feu,101034
2QwUbEACJ3ppwfyH19QCSVvNrRzfuK5mNVNDsDMsZKMh,101035
u6PJ8DtQuPFnfmwHbGFULQ4u4EgjDiyYKjVEsynXq2w,101036
AwiguNn4m6Z3qeeXoiF2cMcAEqs4nu7zBU611E3iTsmH,101037
ENKc8MyNnxruJGCfyx3XcBDtUn9oVtp7tbJAxVZGKJQ3,101038
AgsYPSd9jQZEpbTMsvBWKdiAux3eyghdSY355QVHH9Hs,101039
3bkPCuLhngtoXmqCF8gwS2sZFBSty5mJsXzjmNg7gG5d,101040
54rW6tZXwFzZHEzHU68Kj22LRfAjeoRT3K6thgUbAscY,101041
14BSdC768H9a69Pm3vLurwbp2eEHn6i3VPVyCLV1unKH,101042
FREZNEVTcCSPbbGLZGduxaXpyS5vGZiGmtKqcfN6kLKV,101043
tahEnyZJnezaBh9zgcoQSWjjJ9MzwtBGwEvspCX673r,101044
5qU2MbiEQ7N8DRFynx4nfuLt8ACi4au5QWCbhaQBipqJ,101045
3McMAgGRnPJaaEzSJZBvvKJxmJRydeqEJsQoQK3Sa6ni,101046
E4fDRpDK2puJiafpHTNgc6zZb448JkQuKQ4VGpTkDWan,101047
GgZmDapfpXuAWXmneEQkCX8P73AQXC2HZU7U1G4ijTY2,101048
8LH9Df3gyzkoL86fiCxXwD9KfWka2DiMMrqa4zYeN7QX,101049
EykDjKvE3nTk2nByKMbGFuxt663pDN2YusR4jyVz6kTD,101050
AegC1suR2Pj1utNeu4rFXb9SJXnPpzsD98LqDnik2ASK,101051
BKCmHSoUSDSr5gBU63isx3tUBov9msCn3xBBUu9SDa3Q,101052
57fm7ZsMdZBbycd7ampn5n1DnfFaLUqnvWf7a7r8Rrw1,101053
A32XEHLvTUCWTrAhTmoEQNWNEQmnD8RafAaeAcyEsRyw,101054
6FMxeBRf3S6rSQWkADD4YDQsk9pBE9NUHTXifdZJMgiY,101055
ASQRu7Jp2GepPSPPEJXDVrm8z9F3UaytvyNnF7vb4R9c,101056
AmnGEZx9aiG7NSp7jkRKbkQ9Wbu2qV4irjwQ897GXsjr,101057
6sEk1enayZBGFyNvvJMTP7qs5S3uC7KLrQWaEk38hSHH,101058
UefNb6z6yvArqe4cJHTXCqStRsKmWhGxnZzuHbikP5Q,101059
EFSM81CidRQ5y9tgYoGcfP4i7sRqLtbJZnDzehNHhunF,101060
7bSayEEAcAPvWA1vqygSzgABX5vDCivqEGptcesu2gXi,101061
A3kTT2QNQky84aCkgGxorJ8MSks1qoSKPF9wifMkkx5o,101062
HWpR4q1sMH7JgfFafc3yU3tgZrb8YjvX9WaBqynYjBWx,101063
G3PQ9ddWiVYjFhpkmRBUNWsq6TD3QjYF8NWLU6qKLLUJ,101064
0xe25a329d385f77df5d4ed56265babe2b99a5436e,101065
0x3a6e45e8c66a39a655f7a4d3bf05bb500b769543,101066
0xf584f8728b874a6a5c7a8d4d387c9aae9172d621,101067
0xf6deeb3fd7f9ab00b8ba2b0428611bebb4740aab,101068
0x4e4398f4b7683f721add73fc515d7db4f1a4df6e,101069
0xfa7dfd038fa914e795254df912822664be2d5639,101070
0x134750a99286afc269d17eb791b9b670c6c0c91e,101071
0x0c01e95c161c3025d1874b5734c250449036b32a,101072
0x605dfc960eb62396c38eca29e7735d6680219f5c,101073
0x97b9d2102a9a65a26e1ee82d59e42d1b73b68689,101074
0x2b7be614a0e531aa6369ed908e8ae1fd8fe1a17c,101075
0x3f06204c6b9c8a5d7173de6026517266d766207e,101076
0xccc40e325ffeaa7553ca6224e4b19800ddc49cc1,101077
0x80ddcd670b7aa69eb0dfbae7ce400d2cc460e8ad,101078
0x65c4b6feda69f8f846c7fb1f5eaaacdeeabecea9,101079
0x73b59d25f472c8302f74651593b209b01eaa971a,101080
0x149339e5994fc465825d46cdb304b64865ded8ec,101081
0x4807862aa8b2bf68830e4c8dc86d0e9a998e085a,101082
0xf9211ffbd6f741771393205c1c3f6d7d28b90f03,101083
0x23e7344aa2775607b6ca7cf5fec261b9046bf246,101084
0xe52f5349153b8eb3b89675af45ac7502c4997e6a,101085
0xe9e7cea3dedca5984780bafc599bd69add087d56,101086
0x09b176b1a97acbd5390dc6e35b91676e139676f1,101087
0x4a64f5ca06ad915ffcbd0f420d41925ab6d41ef7,101088
0x489447dcb5768602afaba549404cc7e0dfee1b6f,101089
0x1b3e84a827dfddefedca25e56c5849a05b6b1006,101090
0x5b3da6c5ce8859aee8021e630bbc0bac2aebfd0b,101091
0x76ef700d6a31f193710afd69df07b2afb9585a6f,101092
0x915af1e31a0b9a53bf58c97a4e9ad32df6eee25c,101093
0xff15b2ce9e7199af8dfc491b19c5cca0faf24a76,101094
0x282b49d33ef1962ebe758f5cd1d9c59d35919dbc,101095
0x3057455784a4345d11acaa2e2c91e5f0d15bb227,101096
0x4c5ee6ddb86c8ce80733ca8b1298b4b2b337ce42,101097
0xc16340b7c2fdefa41062bcdd3f8ae61a76721de3,101098
0x71da6f466d462986dc35f1e71f15c96e5509c8ee,101099
0x5d20ea2797024019f656b4d6797915e499769b87,101100
0xdb875397a564569e98f0b95596174bac3d59c782,101101
0x138ef96444fa65a0d6f8c64a9ff2c317100a76ec,101102
0x046da0d2177357687fc7273143ee474f5a70dfc1,101103
0x95cdf0b216a57f2cc5c2688537046d662d491b5a,101104
0x60e194900875dde4492dd26d6ff4a0a2a5bb078d,101105
0x73237b588f969103ebc003de1385f95e701f5cc1,101106
0x04bc0ab673d88ae9dbc9da2380cb6b79c4bca9ae,101107
0xffec0067f5a79cff07527f63d83dd5462ccf8ba4,101108
0x1157a2076b9bb22a85cc2c162f20fab3898f4101,101109
0xeb347ab2a8f4edcc06939577af17f2839894c077,101110
0xfe9fc595202e66a1dbed36719b5b0cfb50d2f0c4,101111
0x058309521a51ac419fa7301b8f4b594a13a65c23,101112
0x655c335d1b3e0ace6da46c68e838412b36577aef,101113
0x61466641ab6d45120ba906b1a13d1765d50c9671,101114
0x2df3e256d40dd19fc5d8e0a76193a2346102d409,101115
0xedfa474cea31279dabc8ef1b54f701550ce9193e,101116
0xdbd795f4c73983f64edfbce7d6ee2c296492ecec,101117
0x687c32c6ca4f6caaf128a4673941da6a154b3e24,101118
0x525a234de4eee961de7a7fabbf43a0ddcc289494,101119
0x63dbd79851ec6793d70981d18809d49fd14eba19,101120
0xff20d93f44f6da265b20dc77533b191745d04955,101121
0x743cc7158d237688cee655cac835f7a4f096cf7b,101122
0x542dd5e19d5f044ac0d845b785b4e40f1df67dc4,101123
0x76aa6b335e2ed32004775bddfdf6d90c3d2f9f4f,101124
0x0feda904075463349c1a22f907f85e8898e229b9,101125
0x4b3f3859a84a6fdba9250f9cb2dc0550cae6a73a,101126
0x5f63e4f12d5c6bcea8c16d531eca2db3db068c02,101127
0xb618f397f877180c4015d69dc6eb7972043bceea,101128
0x2c774d35177de2cd1230d1529412e011a5b2c4f5,101129
0xe49f3747c0521d2586e1473f0b38b3312f866dd1,101130
0x1cb2831301a2d09bc07d7cd632e0577e37f9b477,101131
0x40c8183a66e40900d85c6e4fa63ee46adcbc570e,101132
0x523334933237a503131d08972daa41772f93f625,101133
0x57d1974a8ca59146d91dd8c5172110e5a390c048,101134
0xfc499fd58b983bdeb15e02ac640cb7e8777acf94,101135
0xd47e04c8e9df26c00c75ed24f2e613ad6cefa4df,101136
0x12ed7f6ed0491678764c2b222a58452926e44db6,101137
0xa5b1af4a741ee811f648c1fe2c7be492c9f13a97,101138
0x8d088d7cbbfc3bd3d3c10db260a07c4e0be04e9d,101139
0x1b29378d05d91f038c16b35eefb551185068e5b1,101140
0x2d08c0aa9c3afcc2c368478ba439a37ff2f8c2d6,101141
0x83371be3b3dadc85be00bf0e6b9a1b2562c3c948,101142
0xb8001c3ec9aa1985f6c747e25c28324e4a361ec1,101143
0x8761ba9859468f4bf3d69173e7c7335f4a20581e,101144
0xdc902347b2e2b70b5049ba16af820f3f37e9f4c5,101145
0xa344c7ada83113b3b56941f6e85bf2eb425949f3,101146
0xc67e5eb92d223965bccc3ec28e8e074bf83a7448,101147
0x336be3e5ea94b1395b7d3ac305ad286a45a179c1,101148
0xeebc2d8edd879a9bc19e6cd0a5204eac5b8d7887,101149
0x27ee75e0a7ddb19f72434787f591cfc8cdc3d550,101150
0xa361718326c15715591c299427c62086f69923d9,101151
0xe231f5c7fb0767a7b2b74d05a1399aecbf62ea24,101152
0x85b5dd3a561cdcb62cd42d90cd40fa126d3707f5,101153
ltc1qzvcgmntglcuv4smv3lzj6k8szcvsrmvk0phrr9wfq8w493r096ssm2fgsw,101154
M8T1B2Z97gVdvmfkQcAtYbEepune1tzGua,101155
LP98Q2gPZ9gUhoL5fDji357HPRHxVqWh6j,101156
MQd1fJwqBJvwLuyhr17PhEFx1swiqDbPQS,101157
ltc1qn9rs0j0d6dc6vtc7yw2h8qyzxy425m3tvlxlfl,101158
MQSs17ECe51kqhkFPQY98wiyPvGuK5iCB6,101159
MRwsBPhSteTreKQrNE6BXU1U33PMsn8jCS,101160
MDxUb64xVpsN9vAJo9BC4g36v4JRb8Fiqo,101161
LUM1ZTZRmc425sd1yS41UtxjQACDqBqrQm,101162
MArsfeyS7PhHzsqLpAFGC9pFdhuqHgdL2R,101163
LhS6zgx9RcVCnxsHaWuna3KzakVacxkBDj,101164
MQfuTbPbiDhFfmFNDbNQYkPsuPynejXxEG,101165
LURw7hYhREXjWHyiXhQNsK1nWtPezwNe98,101166
LSPqzqC8XcmeDoVJW5bJVtMqQbESHS46tn,101167
Lh38UQmuGWU9d26ZoaeQqxGrPsYLmzFDZr,101168
LM4ch8ZtAowdiGLSnf92MrMVC9dVmve2hr,101169
LT4w4DVxemuFonep7AFHP6coiWEpWWDwGX,101170
LX5xrmAdbikNPkRKVe4KTQv2H8ZJt6kMfT,101171
LdoAzcQCmzJAN9K3a89rhiMJw3r6fHcHjb,101172
Lb2LdGuqXrjxy86Y3UZWztpZUZW9mYjLE6,101173
LTstgd2W1aHrzpzUgceDVyECJuCKdD4ete,101174
LabqPK21LR4yZVTMFYDqVj2yX6Lig5vc9T,101175
LLucub4nwTdmSd2dhi4fnPLj9vaV6V2Bfw,101176
MS81F51sQ8sLoBgLX147PYgx1cn2fu7fxt,101177
MRCNY8dBP8GCmajtVmGHi86AyjkHbJP2Kr,101178
LMRjEUSrVwX6SbMsVCrvkzqdw32LVPhC9c,101179
LSeYs4tos4oLFBDuYzNj6mtM1BJWTM2PaM,101180
Larjz9xM4L84pGUVZmaihKFSeCujK9rJPG,101181
LfguUKpmJKRtPGHrkVETGy1BQeYi3jFYDE,101182
MN1zegtN7nFLcTCVRgc1NRBdHTLF3R8AU2,101183
LY7bZLfNV96rhGfbyspxK5Qg8UDrJStVdt,101184
Lg2gRfZgPp3tNXpQfNWYJRrNpvAhMCUYAa,101185
LQPU8jVUyNcdHT7AjTD7CYELnfVNDGUQty,101186
LWqpE1htuSNwqe6xUzq3d6LmJRMJuVgAJ1,101187
LKRxMfqSbWvqujDXH2TVyFzifp7RqScK5u,101188
LX8kaqrYfpAPvzbdGAZo6GrWF9MpSaf6Ba,101189
LPUSYubqPVb46fGu88uGwR42u8jCBxqwqx,101190
ltc1qtca2xsa58n0tuzuah55mtgrwm87pnrqznhe7wk,101191
LaH52f9sspcacPMf2Z7mU5tkhKcWJxvAgA,101192
MSeDRiNoH5Afr9b9rNo837hYzpxBXXqMZf,101193
ltc1qd5wm03t5kcdupjuyq5jffpuacnaqahvfsdu8smf8z0u0pqdqpatqsdrn8h,101194
LNxsTP9pSJ4Bf8MMdxLCEnwojYXRNEU1ro,101195
LR1CR7Apd2dPxhj8uWQ7QLT7KPtU5WYUBo,101196
LavBTKHZgHj2c2vPA3mxNsw2GSNMJG6mig,101197
LRfAsb3z7yaahHvCmVC1dVvUhoWUoHDJTY,101198
LZEjckteAtWrugbsy9zU8VHEZ4iUiXo9Nm,101199
ltc1q5det08ke2gpet06wczcdfs2v3hgfqllxw28uln8vxxx82qlue6uswceljm,101200
LYboW2QmdGvA6WLSaAm399kYLwJRnAD8M6,101201
LP3vzTKhLV1YsfxkjfHm2amnGnKuKsBwvK,101202
ltc1qzrgnjxm93jdeg54q4zaj7xtawxwqjw2m4ux7ku2dsxk4srr6vx6suk9uqf,101203
MQ4wXRL6etqkEPrLm4f1FKu2eXTM7EMgXo,101204
MLkNzCps6cXou2DELVfxDuRC4uZGwr397o,101205
LgemBRQUFZoU1JaSpHLh3MJZto3UBCQpfn,101206
MXBgathBnDPqqN5XmGWsppmdv67oo28YUC,101207
MB2h6s7Gru1jhEHbiVKhuX3qapj67sUFgP,101208
LMre2714JjoJtFjtjVwvstSUPHPtZv9d8e,101209
MGAcJFtWYRqZNNsPoYjqcBpYdncJc1oBj4,101210
M9kCmABtJ7emvTYyqGk1aW2SK9DQL6W6rg,101211
LXfahEqgQcM5JAbgbLWqd4rzZhqWhbUSHQ,101212
LeL2tHRhthknc3AxXAQ7U1yTuQYLqCu8vf,101213
LaaYdF7oKGPRgaGsBdRSVg5kzgeAZwJG6q,101214
LU73FE1PUSDFEwJDq4UGASeNSMEfDNwLaZ,101215
Lf8UVHF6j52TtPmgfbL4wmtQg97nsiX8JV,101216
LVTKUTMSaVxBVhJYpUpdmWcMpwS5ew8TuY,101217
LUedrBY3dDx7k7p3JTssEgK5XVYzoHphye,101218
LYy63XQ18himHeC44npfRaHdSBxkHUzTh3,101219
LT6U6ew8pw3feCpkbikq4Tcyj2SWsa21jo,101220
Lhog8GjSvm3bZFgVje5JVLbtiH5U19yqUP,101221
LQXJ3fd8N3Cu7X2TfrsTNNvWo3iVXepMa1,101222
ltc1qdxh28vnm6vd7yhla76z5e470u3dnummecytvdx,101223
LUjzf1wxkZmZZPrefd1RcFnPt8wHT1M7bv,101224
ltc1q2a0laq2jg2gntzhfs43qptajd325kkx7hrq9cs,101225
MD4Q9gLQ7Cv1ZCqwFi33SezVFGomja8r9f,101226
LeUemA4PyBAgnxKfMWTbrVfnVy3pEQDn73,101227
Ldk14ugFPyzq3StDZosKaXQjWdFurg8R1d,101228
ltc1qf5ykyn330zpu77t6lcuud8fe6kje3j5w03e3j6,101229
LdzZGopjPQr2Xbo62YJ5pPeN588TvQNJiH,101230
LWw1iurArM9dVGnYBE7rqZ7nMheD7jotLC,101231
LectSLekhkxEQBHofNFHa3pVHndnb4Z9fN,101232
ltc1qs9fcy6mmkn2mvvvundhcfq59d4lt23qns9mjqc,101233
LQmJHaWCWGeL4WLhuRg5c3PrD1pb6nW3hm,101234
LbRn3BH6r7bvYwhfJrTE17fKKXwygvsUKf,101235
MNQGk5esmQiG6Vog6exfjjKqGFRfUTXngs,101236
MN3CfhbBvsQRP2inVNUqDe5qAo7oDQRuXs,101237
LRXB5eqdtbmyWZ2Go1E2Kb13r2BHMFAKLe,101238
LbLGde8USzRDpvo15UNbTzXPXaFHKjTkTo,101239
LWdDRKVKDQTf8pz4R1v4WDvYzvWqXLzdiq,101240
LYiPcJEDQSkNgLVRx93UKiGMjnSPTHgxCB,101241
MPLLezF6gj2JU4ZP9ENzkgSkutkdWtFfBw,101242
LMJzXAQBXBbwJYupwp9BHStxxKgwtntY6A,101243
M8WzquCwnmHkvtiZnCASJikcP987dDn9pH,101244
ltc1qxvvfkhjsrggpd3ry8uwlqyjj0amexct458fmpt,101245
LWF132iwKjH5pwQHEPmp9QGeppANsfjUsv,101246
LKxNtynH2GxLc2oLxUGL6ryckK8JMdP5BR,101247
ltc1q9yvc6y9shdr3cyuag2j2ch6zadw4zxun2jdtyxjzv6fxk9whvgdqhvqxqs,101248
ltc1qrv0v2l9ekrx3lnkeusrzvu2hqyha6ex94nxumlhec4mrye8njm7ss6h9ks,101249
LNz6qoXAu5XMvJVhNApjq7uz9wRnnN8jvk,101250
LWCnL7CZpW3rvC7zeeMWPBZCBH4QPVnF1s,101251
LRPDqJ4MLoE8nGSqnH9GZYebnyUVjke9uK,101252
LUoYtjpz5Jmu2wLE1bWmaJBfxtsxW62XAG,101253
0xd85e038593d7a098614721eae955ec2022b9b91b,101254
0x0d914606f3424804fa1bbbe56ccc3416733acec6,101255
0xaef9e3e050d0ef060cdfd5246209b0b6bb66060f,101256
0x0787bda6907e9d18d026e882cabb25c8ec636e98,101257
0xcfa6ebd475d89db04cad5a756fff1cb2bc5be33c,101258
0xea8a734db4c7ea50c32b5db8a0cb811707e8ace3,101259
0x82e64f49ed5ec1bc6e43dad4fc8af9bb3a2312ee,101260
0xf6995955e4b0e5b287693c221f456951d612b628,101261
0x2d070ed1321871841245d8ee5b84bd2712644322,101262
0x6345ccf4b1d4411789cd11411f146bfe3de14e8a,101263
0xd37af656abf91c7f548fffc0133175b5e4d3d5e6,101264
0xf0428617433652c9dc6d1093a42adfbf30d29f74,101265
0xa5a33ab9063395a90ccbea2d86a62eccf27b5742,101266
0x07d7f291e731a41d3f0ea4f1ae5b6d920ffb3fe0,101267
0x77245082fdbf9c88dd0f6da50963b283e3ed726f,101268
0x78d4319ef73a517a3cf39df400eb3b01a74501cc,101269
0x6137a5ad28999b189ade0150e7b418e9d86bc560,101270
0x49a3b7975dd0561f4837860c82b0c8d8c46eadac,101271
0xd5b03a99441b088df2923f9e266c906971af2ded,101272
0xb5fe3bc2ef4c34cc233922dff2fcb1b1bf89a38e,101273
0x5805c257df560a104cefb649b8ccdd428396a5b8,101274
0xad2e40949f15e9d045842881493dfea3db31c96f,101275
0xe5dbc4edf467b609a063c7ea7fab976c6b9baa1a,101276
0xccf343eef0c5f2590ee30efc9f564b33aeb3c7e6,101277
0x6b8d3c08072a020ac065c467ce922e3a36d3f9d6,101278
0x04783f02623e6d8eb53e1eb20ec8531f04f822c3,101279
0x80fd0accc8da81b0852d2dca17b5ddab68f22253,101280
0x5629e4cc9a15037cd42558f4d5a2c58ca9b2338c,101281
0x3f3e305c4ad49271ebda489dd43d2c8f027d2d41,101282
0x61d7c6572922a1ecff8fce8b88920f7eaaab1dae,101283
0x21c0d45e3c1a4430c4be2ee9109bc788cac0ffe6,101284
0x1e662bfc7595565215a322575d0d9693f17df2e4,101285
0xb0bbe7a71162fc57df10c15a5bc74f4cae772782,101286
0x3f3429d28438cc14133966820b8a9ea61cf1d4f0,101287
0x22b98bd46a95ba46a7d53845b3ff252c15b5870f,101288
0x4d2fe06fd1c4368042b926d082484d2e3cc8f3f5,101289
0x5293c6ca56b8941040b8d18f557dfa82cf520216,101290
0x2e9ee89099ee816eacb7301bcdb57a6375a1c6e1,101291
0xfc2eac1aeb490d5ff727e659273c8afc5dd2b0bb,101292
0x7f580f8a02b759c350e6b8340e7c2d4b8162b6a9,101293
0xa961f0473da4864c5ed28e00fcc53a3aab056c1b,101294
0xf0618ace7a855ae523300b67c580450dc4c788b1,101295
0xa3609cf7872faa7804281c7c5edb8b2d33001089,101296
0x4f2c2e63b17be8188efd125363ebe7548d723569,101297
0xe65dd5d5631c354ab2cfe2a47c79655e68d6bf27,101298
0x4aeb065bbd8e00e03baf59097013a984ab74f456,101299
0xa5fcde36a7a19a97619e8cd59fe5dc5a1b7a63a8,101300
0x4e908f706f8935f10c101ea3d7b2defc78df284e,101301
0xe68ee8a12c611fd043fb05d65e1548dc1383f2b9,101302
0x1e937301a7051d6f3575b1568b552b4c02eaf51f,101303
0x282e1b1a73ea9d46f984f6db9bd266ee16430f78,101304
0x608d242d6cd8651b961088f8548cac27d9e94464,101305
0x84b734366a0064d84e60869f5a5f2cf772ce3328,101306
0xedfac6328617ce2dc3e8b5d177b44f009fc22eb8,101307
0xb5de3f06af62d8428a8bf7b4400ea42ad2e0bc53,101308
0x4f800334d38535474f0016d1e756835e8842f5a2,101309
0x4c85ece5bbf191d3e1b76934c8372d4ae3bf6927,101310
0xfefe23d3986e1eb0851c46df39890109b6b13adc,101311
0x3c394a0a5f6f147fbbebaf1f74738f575ee1c95e,101312
0xe7b0ce0526fbe3969035a145c9e9691d4d9d216c,101313
0x0087bb802d9c0e343f00510000729031ce00bf27,101314
0xd805640359ad7ae52d66e139a0e07cab37f21f81,101315
0x74c764d41b77dbbb4fe771dab1939b00b146894a,101316
0x7ecc883e8d9c32854c3902949953fb44d6f0cc7b,101317
0xd5e31fc5f4a009a49312c20742df187b35975528,101318
0x279818c822e5c6135d989df50d0bba96e9564ce5,101319
0x4adf9b737ab9c97f5728cbcf143483cf6c2f7df3,101320
0x6387b0d5853184645cc9a77d6db133355d2eb4e4,101321
0x30e4bd4a5b02f73a6863f499c2fba257025e827b,101322
0xd98fca6160c5265c1da4ba709d686b85f490a21d,101323
0x04259aeea9c9428e31d2850a2c12dfa289f3fb57,101324
0xb2b6a75099b4bc294221885f3df673a7df64ec6e,101325
0x7269846c48b14b0bf39d9cf8f504aa3741747132,101326
0xea2a2ac89281d1673e5018f60933970626905285,101327
0x8d05f73e3d526d7c8ae9a8b8afe2b3f75315dde0,101328
0x0fbff16861b24cc3565a83e4a9507fb3b15a983c,101329
0xc631e2179862046a4da964a245559a53205b2bfd,101330
0xce1a276d80673f3e0b2bab2e26a7b1d52735b034,101331
0xaee2ae13ebf81d38df5a9ed7013e80ea3f72e39b,101332
0x4d4c8b2617517fc5f0cf02bdd3c47970ca4c2425,101333
0xc31cce4ffa203d8f8d865b6cfaa4f36ad77e9810,101334
0x3182895cecd86632cd9ffad135852fc951b13235,101335
0x3ab9dc749e4490004419759427f8d5521ce30e60,101336
0xd67e1a94f28256620150018d5e60a43aa62f3031,101337
0xf0fa11a2e720c7fc0cd97fdd4b1d23edfbc10325,101338
0xc1f8fe4afed59e461cbea887c3a578076ffb707f,101339
0xb5714084eef0f02efdd145dfb3fe2e3290591d7b,101340
0x7b052756f8cb2fdcd9de2f1665d0d6648317346a,101341
0xcf2c181e33c5e9f72928c1e8975ff4a9bfe77e32,101342
0x3178aa92bf66355664c92684f1dcfe1857a873a3,101343
